CustomerID,Gender,SeniorCitizen,Partner,Dependents,Tenure,PhoneService,InternetService,MonthlyCharges,TotalCharges,TransactionID,TransactionDate,TransactionAmount,InteractionID,InteractionDate,InteractionType,Churn
c39ea43b-34ff-415c-a00c-b941c20a6f46,Female,0,Yes,No,11,Yes,DSL,69.77351058439642,4090.489989268893,36918785-7670-497e-859f-b9d07e842e54,2023-05-18,101.59276574801278,69d71f3a-0eda-4293-ae83-47595de03e33,2022-11-05,Phone call,No
8d251db9-f856-45b4-a2a6-da4568108a9e,Female,1,Yes,No,6,Yes,Fiber optic,26.616128104836847,3332.1986884689895,4e8a0afe-023b-4491-9960-a1bdfa09f3dd,2022-04-30,71.12245192315673,f45abf7c-0dd3-4452-8cb4-12763fc5b563,2022-07-09,Email,No
95edb026-3975-442c-9f0d-23dede46397f,Male,1,No,No,29,Yes,No,86.82474827362302,3966.06085750405,a7490a3c-6ef6-428a-8c85-f77fe6c9dae0,2021-09-28,199.98449700596223,b67faf95-c512-4f6e-b10f-d94af3f69639,2023-08-20,Phone call,Yes
a9ae9ab3-ced7-4a9b-b437-a644bf33ddb6,Female,0,Yes,No,9,No,Fiber optic,44.388299842479846,2257.4456811896207,66ccddd6-a4a5-418c-a0d4-249ae6d9bf5c,2022-06-02,92.52876967594703,e9bd4001-51b8-4d22-b804-f2f4d819fe42,2023-03-02,Phone call,No
d3e50107-46e5-4c47-a08c-44487340ad40,Male,0,Yes,No,28,Yes,Fiber optic,46.418162535389285,7128.038739899317,7f693ad0-2071-407e-8af2-fabe36dd76b4,2021-08-25,63.450571832281234,61b0c529-04c3-4b03-9ce6-da85411d3649,2023-03-10,Chat,No
75b499a3-eb7f-413a-8c6a-3d6c3db05da6,Male,1,No,No,70,No,DSL,31.085175685447286,4397.639392329607,6a2b4c15-04c9-42db-a8dc-43add3443cbc,2021-10-09,81.28452322385803,b1761494-d14c-4430-af15-bfd7ae59c375,2022-12-09,Phone call,No
37010835-14dc-4288-88fd-869ef855c01a,Male,1,No,No,32,No,Fiber optic,61.41410629660837,5661.058296716196,ee10d28e-84fd-49f7-9628-dc63dbe1eb6c,2022-05-22,70.51865316596826,649ae0bd-6352-40b6-a464-43381af2d2be,2023-05-12,Phone call,Yes
1277ec52-2430-4fbd-b6c2-36d7a912a16d,Male,0,Yes,Yes,68,Yes,Fiber optic,20.39046841058895,6714.886866880779,99abdbcb-caa8-4cac-bc18-87ac97443c79,2021-10-17,134.22173164797928,a8693276-80de-4495-815c-b18ebc2aa6ea,2023-03-01,Chat,No
3d6481e0-5b8d-4289-8919-e7dddc68efa6,Female,1,Yes,Yes,49,No,Fiber optic,44.543538268147955,5394.671273880641,1a600e25-8303-4827-a959-53355617ae22,2021-10-10,159.5386092479126,50970e93-8e95-4577-9e95-35f606a353b4,2021-10-27,Phone call,Yes
11a598bf-8a06-4e58-80b4-6295ce98b451,Female,1,Yes,No,15,No,Fiber optic,70.18887263022123,7104.92173719071,7a18e834-6a84-41d8-b036-c52e932ca53d,2023-07-02,136.2790473557417,3a57e49d-0c2a-40d5-9762-a21226871fd7,2022-07-23,Chat,No
26d34a35-c8f1-4af6-a6e4-c3aedb7b10fd,Female,1,No,No,72,Yes,No,30.057887887185892,3350.570144197262,b56e1445-3d82-4bd5-ad06-4480d4c38e0f,2022-07-10,88.89312817495066,915ed37d-8806-49c9-ae44-25b06b0ca5fe,2021-11-04,Email,No
a55f3a1b-b449-42ca-9c54-fd297d81dfbf,Male,0,Yes,Yes,30,Yes,No,27.952164623659108,653.2192349639183,af69b532-7343-45a4-9ec0-a1124f8023c1,2021-10-20,116.35186914304768,0ce24f1c-a337-4301-9f07-cd89f02b044e,2022-10-01,Phone call,No
ce4bd72f-5956-464b-ba47-a629a147dfa4,Female,0,Yes,No,62,No,DSL,47.44819134134026,1273.1577769590842,947886cf-3952-49ed-b14e-e5edb0fd42c1,2021-11-30,10.150818847743317,bce58ba4-e4dc-4163-a955-4a4833ec34ce,2023-05-21,Email,Yes
6c852288-b120-4cda-b631-687a72077472,Female,0,Yes,Yes,62,Yes,DSL,96.9982189258294,570.8135801901765,6046bc7d-7213-4d51-906b-fae8a4df4851,2023-08-08,80.70558041034046,d88460a3-ab22-4610-8ef8-1c12fe8dc0c0,2022-11-27,Chat,No
f66ca11a-ce2d-4ab3-abc8-a86823abe234,Female,0,No,Yes,57,No,Fiber optic,85.9137193819936,1227.2498949503695,2ba62c52-7ee8-4a59-a776-54c8f26ea6ac,2021-08-25,166.91827495990242,1f931a3b-8dac-49cb-9c77-b072e97d75e4,2022-01-03,Chat,Yes
626f7d2c-2b62-4db5-878d-c1c56cc555c0,Male,0,No,Yes,67,Yes,Fiber optic,29.016482856686512,774.2535369806062,bb038510-de32-4b94-8bf9-b57cfebf2ffb,2022-10-30,62.99873159207846,a3ed121e-f048-4b93-be6a-21318056e1e6,2021-12-24,Phone call,No
83a1b951-d791-4b01-b4f3-37db51926b26,Female,1,Yes,Yes,47,No,Fiber optic,87.24983009079887,3162.770753091147,f9b02fcf-1efc-4d89-9004-65435e8ee60f,2023-01-17,32.82820567962867,ecb47a09-0bff-4519-a828-d2aa0e4bdd81,2023-01-23,Phone call,No
58cbd586-13ef-456f-8112-5b3be551c1f8,Male,0,Yes,Yes,3,Yes,Fiber optic,41.0073955335998,5919.6079150498135,b690da8b-1fd3-4d11-8ece-6295061afdb8,2023-01-30,102.20282639079869,b91b48d7-e431-4438-9b9d-b4e15486737a,2023-04-27,Phone call,No
7e91e1b4-2522-4865-a739-2a9a7c2227e6,Male,0,No,Yes,44,No,Fiber optic,49.127315299876024,3962.2501483652154,9853c13e-aa8e-4fb1-bb46-ba9241d094eb,2023-06-24,32.469117681761865,5804efd9-8490-4e81-b870-7eece79fd6e7,2022-01-04,Chat,Yes
e615218d-c303-4f34-be03-31abedecfe28,Female,1,No,No,10,No,Fiber optic,75.15790238569782,6542.756365812996,4e484200-d5d6-42a1-b251-999e052978f5,2022-05-05,191.8361485058775,561c7ba1-9365-4a46-9a80-78560cc2a97a,2022-04-04,Phone call,No
cb4bb30f-21d7-48df-aa31-ed97d03f1299,Male,0,No,Yes,62,No,Fiber optic,77.92186715767524,1270.568498791224,a9aded98-b927-401b-a331-56a6b5529952,2022-03-19,155.09322071117145,e723245d-aef7-4a88-8de7-8d1aa64be66a,2022-06-08,Phone call,Yes
f4ff369d-5943-447b-a47b-e5528ccdbbba,Male,1,Yes,No,33,Yes,No,87.26717710148117,5399.398383840751,23eaf496-c9e6-431d-9763-2d18123f4869,2021-10-02,58.13322746261997,65507162-8494-4c62-afc3-f81f5b738ee3,2022-06-26,Phone call,No
b4c50df6-3ce5-4b9a-b130-030c939b694b,Male,1,No,No,57,No,No,86.78337120807838,2406.2949199576474,5c26913f-affc-499d-91d2-7e0e5e801f3e,2023-06-08,190.82937072512078,f17484d7-aa48-4480-9485-929113f01ade,2022-07-29,Phone call,Yes
2b400305-88cc-4fa8-9c19-2c6ed8f434a6,Male,0,Yes,Yes,65,No,No,71.97464550196588,5987.199281364024,0e350e87-1f07-4e29-9cb5-7fe04ece85da,2023-06-03,31.92054032812016,371d49fc-0f55-4b84-9fbb-5b719a5d1858,2021-09-09,Chat,Yes
6143705c-0f60-444b-806c-caadfc5207cc,Female,0,No,Yes,41,Yes,Fiber optic,73.084473298675,3491.6462378778765,9b7d9251-6f6b-4829-a178-c845670af38b,2022-09-27,171.4121507525741,2f1113f7-32de-43b5-bffe-07a755e5a964,2023-07-26,Phone call,No
e7d7b666-0cfb-456f-9d31-fd71bc9d2e8b,Male,0,No,Yes,10,Yes,No,71.05795092495049,3651.5772208946,aa062fff-c797-4a19-a512-58995ae87702,2022-04-03,191.81830675203136,613c64de-255c-41d9-89ad-8cb20b7e6d33,2022-05-28,Email,Yes
bd5c0493-5c45-4e04-9b5d-8f25d140bf06,Male,1,Yes,No,22,No,Fiber optic,50.01021975371022,2529.6577007180335,8d4fdd62-a8fd-4f9f-a5d4-b14f1bb654bc,2022-05-20,191.7407818201161,5ef1ad9e-6d6f-4f23-8609-b020cc0414d2,2022-09-19,Chat,Yes
e0c071dd-9ada-4487-a8d5-c66021c100b9,Female,0,Yes,Yes,32,Yes,Fiber optic,30.834905397762373,2719.642807105559,18f663d7-b239-4d85-90d0-c38f9d23589b,2022-05-19,65.1138340843815,7d8e987e-eeee-4b4a-8a18-4544e068c5c6,2022-07-14,Chat,No
c491ec93-1ef1-4791-b6cd-443626c78fee,Male,0,No,Yes,17,No,Fiber optic,34.24278286208687,2981.336513138377,e16c4197-72df-4feb-ba83-94a4ff0869f4,2022-03-04,40.05437824042656,81195316-d52c-4349-bb83-3c141c498473,2023-05-21,Email,Yes
214208b7-165d-4114-b036-ec0433f4b57b,Female,0,Yes,No,72,No,Fiber optic,93.25580110166543,5900.575700142592,7c44d727-7799-4309-902d-71d71539453c,2023-01-22,139.48201301278988,bd1ca085-f50b-41e0-bb26-6989bbe069c3,2022-08-26,Phone call,Yes
615537e7-c24b-4639-bd61-d4d22644e8bf,Female,0,No,No,50,Yes,DSL,84.5330590112799,5235.804392299366,1a142d0a-3c50-4ce9-88b1-2afa1ac8bca8,2022-07-28,50.7469472223974,521384b2-761f-4f4e-94cb-5c6c176e9f16,2023-02-11,Chat,Yes
fb0e926d-b2dc-4c52-84ec-a594268599fe,Male,0,Yes,Yes,38,No,No,28.061152552885442,6236.393332885968,68ba8433-1d17-4667-8578-1d0e075f690f,2022-08-27,176.05449236879693,80d8ebc3-3a02-42b8-8a75-bf5b8310a36d,2021-11-07,Phone call,Yes
a08c7462-7092-494a-b0ca-8b1a82195228,Female,0,No,Yes,15,No,Fiber optic,49.90524638669831,5911.214405476919,652ee285-6222-4c59-b666-45654d7f2ceb,2022-01-15,143.82157784526433,c45abaec-2a98-469b-8d05-3d3a49b5d852,2023-03-29,Chat,No
3737f837-ec89-47b0-8cf1-f94b637b4cbf,Male,1,No,No,61,No,DSL,89.07547883384909,6296.330269143489,3997f1c3-10a6-42e4-afe6-76b6483c2bcd,2023-06-09,133.1057536568601,a7482a3b-12a6-4a21-b5b1-f2f7563dee1f,2022-12-23,Chat,Yes
d62bc555-c1fc-47ec-92eb-39c2013ecdb8,Female,1,No,No,57,Yes,Fiber optic,30.37848743238447,6737.027890112535,5acd7a3b-8849-4311-9112-0b571799ec97,2022-03-21,125.69614451070166,db302a9f-af70-46ad-b550-82e700e65432,2023-04-05,Email,Yes
bf1795a9-2042-4009-86c2-66f86201dbf8,Male,1,No,Yes,9,No,Fiber optic,63.15258724756498,6330.756760269747,1d363c4b-9a07-469f-a096-830811cfd611,2021-09-06,176.4840053210491,c1662544-3a0c-47cd-92a5-23684c06d551,2023-06-10,Phone call,No
fd7efc88-e125-4864-8f9e-be8109a4fca7,Female,1,No,No,14,No,No,41.28313319880094,4116.741889729174,55e5cc09-9f2a-4256-b42b-f7a2d4468eea,2021-10-11,69.53425659551841,e04e14f6-05b2-4a65-82d3-0616ac5f9426,2022-11-28,Phone call,Yes
9faf536e-6aae-4a20-9ff6-2fc97cbaff91,Male,0,No,Yes,62,Yes,Fiber optic,76.77264329200491,1306.465745247714,45b7552b-2b42-4934-8b66-b70cb50f6ad9,2023-07-09,161.6912021975537,bf154485-bed8-44f7-95ae-428013165378,2021-11-20,Chat,No
36ef680c-dd04-44c4-b483-595395dec344,Female,1,No,No,2,Yes,Fiber optic,98.30009520435651,3236.4571388024324,500e789e-d206-4fd2-be0a-06578cc01a4b,2022-04-04,156.90494727233963,f3fa857f-cf9b-448d-af31-08dc44bccf13,2022-05-31,Email,Yes
9dab1699-f1e7-4796-b312-2ab933a0c631,Male,1,Yes,No,24,Yes,DSL,98.34785811234393,6456.543190901797,d0334c2a-f33e-4cb6-accc-fe5566d6c537,2023-05-31,64.6925462962367,b932f873-c06b-4c51-8ba8-d2b5b2871356,2023-06-30,Phone call,Yes
0d1f2b84-31a1-442e-9e74-716cd6e0131a,Female,0,Yes,No,65,No,DSL,89.05398846639191,1048.1607900620284,3d03ff9e-1e5d-4541-864a-bb1c925c5f1e,2022-08-25,117.8265194000434,17f3178b-3f0a-4eb7-960e-5d57896523c4,2023-07-22,Phone call,No
c99b18ee-e1f8-448d-acca-faf4b3e340da,Male,1,No,No,33,Yes,DSL,49.599583627532986,4266.516055536293,eb796e27-8ac3-48be-a431-2e72be9fd295,2022-02-02,193.19553351201662,4ef20c50-a3d8-4884-bf8c-24edddc43fe6,2022-11-21,Email,No
8ef5fcb6-9045-40e8-b9e0-1c38199a5f14,Female,0,Yes,No,7,No,No,36.338429031733114,6282.20928089486,5cada0a5-2a82-4743-b3bf-bd0af434fd99,2022-11-20,64.94280408624319,c4c66e3d-25bc-4782-9808-3410ad8c6835,2023-08-19,Phone call,No
5cb77c47-7917-4db1-b57d-32d24e3b7cf2,Female,0,Yes,No,19,Yes,No,51.92111960552994,7571.202957719474,ffa3e925-0265-42cc-b99a-7b9c969812eb,2023-05-16,30.571282366540903,d3c6a92f-ccf7-46f0-92d9-9dc2bd36115f,2021-11-22,Email,No
bd85e92e-84f3-4356-b04f-98ec2823108e,Female,0,Yes,No,41,Yes,DSL,23.490997657722836,4185.969190263022,33474db6-590a-4cbf-a253-7a1ffa32d06e,2022-05-13,11.15841775480108,365ebc23-8840-4fb8-9e30-cc77750cbc0b,2021-12-16,Phone call,No
29a75931-e357-40ee-85cc-75af2b4a2146,Female,1,Yes,No,6,Yes,DSL,55.927231497631524,1502.3810475981606,e2661f92-4453-42c6-8377-44dddbf2fe1c,2022-02-02,58.404671222266394,1c6c5023-3c47-4699-97eb-a8b6443536c2,2022-12-10,Chat,No
2a49a517-76f7-475c-a6f2-c9933214f964,Male,1,No,Yes,43,No,No,87.6716882599092,7790.785393873843,d1aa9ebe-dca6-42df-83b4-5484b9759ec2,2023-07-31,180.09158829879772,79d3bd7d-8657-4b81-8b7f-b1a2712b8a46,2021-10-21,Phone call,No
605535f2-4c70-4f43-b312-9c42bc751d00,Female,0,Yes,Yes,35,Yes,DSL,64.792864101177,1005.655575771268,cefe99d6-5932-42cc-83ce-5974907ea8b4,2023-04-08,127.48444332718998,11a96c16-4508-46d4-9f8c-83f88e23178f,2022-08-24,Phone call,Yes
84ff0188-5f71-4a8a-83f2-be919b7b4a36,Male,0,No,No,29,Yes,Fiber optic,52.789973589993544,5078.365470814016,a4091de3-f256-408c-bfa1-7a1b71203f36,2023-07-21,84.10842676935701,017d49fd-ced8-43e8-82c1-90d1de3ca80b,2022-08-27,Chat,No
6acb1315-6ae0-4df5-aee2-1976b8ed2cce,Female,1,No,No,17,Yes,DSL,51.50945502346808,6885.900744292491,822b6a5f-3154-43e9-b0f6-cb49ce97cb7d,2023-08-10,167.07522774861653,46b4de18-56e1-4511-a9f1-d86bbafbdb8b,2022-08-18,Chat,Yes
6c6cb4c3-a2dd-4ec1-982d-f6775378f958,Male,0,No,Yes,14,Yes,DSL,33.63248244253451,1066.5477883191259,a3d2c935-1878-44fc-b2d3-27cb7d034006,2023-06-18,112.97160931505209,48279f03-6173-4f19-9446-21a031f9cb4d,2022-02-02,Phone call,Yes
0202537c-6458-47c6-9021-4e2db9ab4086,Female,1,No,No,3,No,Fiber optic,65.34473410287679,4862.991395962813,79bcb46d-ec08-4431-88da-80e1fed4380c,2023-05-27,40.74933262816359,f730667d-df33-41f3-bb28-6b86f8b3a804,2022-06-22,Chat,No
766f272b-8822-40c9-8c37-23890f278e42,Male,1,Yes,Yes,39,No,DSL,68.08317734836385,2661.044413743987,0e675222-6bfb-4646-8696-f310a88829a6,2022-12-23,47.95493022790041,45c5921f-7b17-4b3a-981c-029b6772715f,2022-03-11,Email,No
edde1485-62e4-4988-ae1d-cb0dd33a93c2,Male,1,No,No,27,Yes,DSL,22.669575155332513,384.06051860891785,fb9499e0-12d9-4c0f-b13e-136b22064577,2023-04-04,31.666184478634662,20b23635-c67f-428e-a2f6-95078c0c5210,2021-08-31,Phone call,Yes
d5242405-923c-496c-ae42-bb2f535b80bd,Female,0,Yes,Yes,1,Yes,No,45.880622568409805,7463.864579531558,6123fab1-0d95-4a57-99d0-01768ef310cd,2022-11-05,134.97293202234505,328e2440-08e2-4571-817b-f78ff19b26e4,2023-03-10,Phone call,No
c0c31384-f45e-4a43-bf96-177eb9836131,Male,1,No,Yes,12,Yes,No,87.90766355595724,4301.63834562394,17b75a8d-0766-4015-9dc6-644c271e8e47,2023-01-10,40.23900175487384,fda54306-e740-4f0e-86dc-2c47ec3e9625,2022-03-16,Phone call,Yes
70e32b57-6004-4c54-85a4-eff1e365021e,Female,0,Yes,Yes,44,No,Fiber optic,93.77248711105794,4005.9386106673137,395ba4d0-7b80-4965-b22e-f67362966eaf,2022-05-22,188.65241473178045,6fb8d6aa-cd6b-4ed5-a7ea-7ee7c7933203,2022-09-23,Email,Yes
6fbffeba-5dd8-4c39-9520-82afa23fc6c1,Male,1,Yes,No,35,No,Fiber optic,93.29103765092356,4630.6373071196185,09a06b38-6d83-4b38-9a97-dcfa16f90928,2022-08-08,30.403884994175254,4aad899c-ddd9-49e5-a73e-c3bbd531fc66,2021-10-20,Email,Yes
08a4abe4-ed82-4883-a0d1-830ef06d0571,Male,1,Yes,No,55,Yes,DSL,74.70404636354043,4952.538827793724,f5acbda1-1c50-46cf-9a30-32e8acb0759c,2021-09-07,167.86222952995678,4bb25791-96c9-456f-bf55-7ec49a803c74,2022-03-26,Chat,No
3edcbf5d-d9be-4e61-998a-1c68950ae2af,Male,1,Yes,No,44,No,Fiber optic,78.56525902511336,6665.904535319543,98d62458-3cf6-42f5-bf03-18bd235c2739,2023-03-30,69.28726564551633,416f8021-4fd4-4f52-b2ed-731fa61a0604,2021-10-31,Phone call,Yes
73f3aa40-b060-46e9-88ee-f866fe01aca6,Female,0,No,No,40,Yes,No,81.3319535974186,1646.386240134093,4af21451-6db0-4a6f-9e80-b25af146b379,2022-11-06,188.33651067174983,0d0fba51-40b1-499e-8cef-3f1491c99848,2022-01-19,Chat,Yes
acf85866-8872-43d5-bdd2-505f929f45fb,Male,0,No,Yes,51,No,Fiber optic,29.62483963843627,5158.257614812346,8322ba53-93ba-40f6-93f0-465a1191498a,2023-08-02,54.656765501901695,9db14fdf-dad2-4dae-b68f-00be8976300f,2022-10-02,Chat,No
f6eea6c4-4af6-47d6-96f1-30793398ec27,Male,1,No,Yes,40,No,No,89.25914559247938,319.2541455903059,6e740a33-5fbf-4bdf-b1b5-62186bd02a31,2023-08-05,48.63295168380876,d1fd530b-d8c6-4dcb-876b-a9209c1837d6,2022-08-10,Email,Yes
c065d721-4c83-4b80-9d1c-b2eff605a54f,Male,1,Yes,Yes,3,No,No,61.36372572752812,2737.5542835966335,c099ea32-335c-4c36-9859-e4b0203c1c0a,2021-12-17,87.65033626203663,d65939e5-5ce1-45f2-a2f5-68298b946fd0,2023-05-22,Email,Yes
ce34af96-f22b-408a-b4c4-956418c7bdc5,Female,0,No,No,39,No,No,94.25209394186153,7927.767445883835,f2ab400d-efad-4e72-9ef8-319fe3d2a6dd,2022-12-09,30.608359058571388,e5ccc01a-a95c-4cd4-96a3-e5f4ccde8d8a,2022-12-18,Email,Yes
007c2573-68a4-4720-8192-0bf8e928b185,Male,0,No,No,14,No,DSL,97.91709655498197,439.0033979017204,a5e2abe2-317e-4370-aa08-295ad678d331,2023-02-15,83.6441926490182,4b7b40ad-e758-4f92-ab55-64008321e8fa,2022-06-03,Chat,No
28de04c3-3834-4888-8021-b6e48838d79c,Male,1,Yes,No,22,No,No,44.20137353597447,6201.233147454169,fbcfd9e7-421e-4ea4-92eb-a1a527e40f01,2022-12-09,68.73025630592156,ad59e3d1-5c84-496e-88a4-88bee11cf0bc,2022-05-15,Phone call,Yes
867931bc-fa4a-4199-ab9a-048f5016edbe,Male,0,No,Yes,70,No,No,29.852544859665883,2700.257432682158,b7414d1d-1830-4511-9593-980f6277a4ce,2023-07-10,13.603120576047628,ad813bd0-414a-48bd-a6d2-d86be272f5ad,2022-09-21,Chat,No
d0bfeb2f-9ee3-4e3a-8b80-5d3b27b51760,Male,0,No,Yes,67,Yes,Fiber optic,27.48922434091466,4374.350365984051,0a159b2c-03ab-4833-92b2-640c58693ef5,2023-06-16,157.6384370963868,4bab014b-3c01-4efa-a524-d70fb47d15da,2022-08-18,Chat,No
0169e343-a6de-4ee8-9cbf-734bc52a71d0,Male,0,No,No,19,No,No,89.1768533334004,734.3509538250372,235d8122-c8d8-4c18-8732-d21443618799,2021-09-22,182.78924262619574,494aa77c-3564-475e-8900-36a9ec04dc4b,2022-02-27,Phone call,Yes
bac8e938-8102-4f7e-b35e-ba6945ea46c5,Male,0,Yes,No,18,Yes,No,82.2100388519634,6423.763512755172,046e6032-c5c1-49a6-9920-36614e948568,2022-05-22,21.595749418527156,c13e3b35-d7eb-4e4d-bbd2-904c4448d233,2021-09-29,Phone call,Yes
015660be-982e-49fa-b2e5-b079687bd1f9,Male,0,Yes,No,8,Yes,DSL,44.98112598257565,2102.5400950594767,d990eaf6-c1e1-4b6e-8a46-5607e4eac162,2023-07-07,42.07662325390187,567e9ea7-ad82-4d31-b8f1-41e3d9ea86f3,2021-11-12,Chat,No
6ca5cd52-6811-4c3a-95e2-1063f3671af3,Female,0,Yes,No,34,Yes,DSL,63.94801485742393,455.6303203106106,51c316b0-0d69-4f5e-9a5e-83beb90e0f77,2021-08-28,112.79091824893499,6f18d0fe-fb40-46f4-801c-88dc9b0b4b79,2023-05-23,Chat,No
4220776b-861a-4f53-b620-519601477d81,Female,0,No,No,1,No,Fiber optic,59.738483186582705,4383.977792762569,6cd85570-f783-4ceb-a37f-3d162ec8dd3b,2023-02-09,97.05716391980351,95e55963-2902-4e72-88e5-12f7b164bf60,2023-02-12,Chat,Yes
ee5524f4-b476-419b-b070-0990ba028dae,Female,1,No,No,8,No,No,55.32502268579243,7353.342268580608,55c9a4a0-deb6-4ff0-99ef-91c0674979f7,2022-05-01,149.5848656197374,d46e4ee3-4557-46fd-ba46-1bc73079f0a6,2022-01-05,Chat,No
60051989-2b1b-4615-8526-3ae7e98b773d,Male,1,No,Yes,52,Yes,No,93.00578108983464,2062.5209775707817,3033ae19-fea3-448a-b7a2-d2b3569f3e0a,2023-01-11,58.77826729854313,cd5a6757-3ba6-427d-b06a-a77220a40cf7,2023-04-09,Email,No
dd05aae2-0723-4159-acd6-60a947d85503,Female,1,Yes,Yes,62,No,DSL,81.36418421987375,5784.6512182524075,7b729430-a911-4fff-b923-7d789e8b11b8,2023-08-07,137.73459423644752,d0430f87-8bbd-4505-bc20-11ea3a536c12,2022-06-15,Email,No
10b3a760-4797-48d8-80fe-83bf2f023fe4,Female,1,No,Yes,20,Yes,Fiber optic,96.15904774955688,3878.640824659729,a2de1df0-0cd4-4994-b761-957cb371e62e,2022-09-03,88.18021788960183,48721c48-ccf2-414b-9ac9-951cd493687e,2023-03-27,Chat,No
ea1c42ac-ba45-4a45-886d-ab065e5e0083,Female,1,Yes,Yes,34,No,DSL,23.32852738034836,5680.279722311636,34c00a40-5430-43fe-86da-6658ee663a6c,2022-12-14,189.0525646589102,9a7214b7-b74d-406f-bda0-6771c7f01c9c,2022-02-16,Phone call,No
7be6e0b1-4f04-48a2-bd9b-f0141899f409,Male,1,No,No,63,No,DSL,80.60988363679574,5522.366107090675,99ff7bcb-6b09-45cd-93cb-b798cbef01cd,2022-04-14,152.344327945345,5d7bd100-a7ce-4e3c-8b03-0dc9dd33dc90,2023-06-03,Phone call,Yes
4a7296a6-be3d-4162-a1df-ca7891eacc81,Female,1,No,Yes,7,No,DSL,22.599814854838076,2710.581027434537,ce3627c1-b39b-4ff6-9324-f1bcb2cf677b,2022-11-15,108.06747294738359,2683c806-4f68-46ba-b84a-4bf2052df8f4,2022-04-27,Chat,Yes
3526896e-f042-4b98-afbd-da68d93f3830,Male,0,No,Yes,1,No,Fiber optic,93.77591717503724,272.35838049804147,f0949808-6985-41f6-99de-dc5065e0e9a8,2022-09-24,113.68488772242351,0a79e5b9-ed8b-484e-9bb6-9e9a0cdb1273,2023-04-13,Phone call,No
cf9078f1-1ec6-4f43-beff-0e648d04ce6d,Male,1,No,No,45,No,No,70.21635370997231,4381.321297805505,53f1152f-93c6-44db-bd20-4f6ad33e61e8,2022-03-15,10.288381972890491,80e25563-0728-49a9-9265-9684aba77256,2022-07-12,Chat,No
f4c06250-306b-443f-af3a-427d250b7ead,Female,0,No,Yes,45,Yes,No,48.26429773247882,4968.385785760315,fa0337d9-9ca3-452f-81af-be56e74d2b16,2023-01-28,177.50562949039576,807a008d-ed32-48f9-954f-dcb71e9edce3,2022-01-18,Email,No
5524b87f-b0c8-4557-aebb-51a37ab2038c,Male,1,Yes,No,64,No,DSL,39.06856851303107,3691.2852781346023,3b764014-9c6d-4039-a217-f919f23dffcb,2022-05-26,11.196975492942322,b999165d-85f0-4fa0-9767-8a6623ea38a1,2021-09-01,Chat,No
97713074-98ec-4817-9cb3-69e95b422bd8,Female,0,No,No,17,No,Fiber optic,61.92931119218892,3068.8526557381715,0a0e9886-e337-4e4b-8516-3bfa2aa721fb,2023-02-14,18.874402702053434,d1ab2f08-bf3a-47c3-a8fd-37e317b13f20,2022-12-29,Phone call,Yes
4c6cbc2d-062a-4e13-ae42-f33efa917c0e,Female,0,Yes,Yes,28,Yes,DSL,71.60743057614074,7521.1112223961145,e0ab8ec9-2a75-4ff7-bd6a-606f7bb392fb,2022-10-29,94.53040138035988,0a0fef07-0c1a-40ca-b195-b0a965e2eb98,2022-10-23,Phone call,Yes
60fd6062-06ea-4393-8f22-f6c0e0acb06e,Female,0,No,No,61,Yes,No,32.682287842704255,6533.521844368919,3c1424da-3f7d-46d2-b523-55d423465018,2022-06-18,97.56297952940749,0bd484e1-a4e4-4a0f-a349-8cb317743a36,2023-03-27,Phone call,Yes
7cdcb683-a431-4f23-b7aa-40bfd7580998,Male,0,No,Yes,28,Yes,DSL,66.79182313759847,3163.578895405725,a255fc2f-c831-4560-82c2-de0ce9e3c531,2022-10-08,133.6293509849998,8da9ee71-7bfd-4526-84a8-32c41d92d1ab,2022-06-18,Chat,No
3248c47f-6674-4d95-be5a-8ca0266aebac,Male,0,Yes,Yes,37,Yes,No,30.942588717882458,6618.444754023791,1fdf234d-55be-4d5d-975f-0b39aa3b4299,2023-08-13,18.50960237718595,0b84da73-3566-45df-986c-9c8a5567afab,2022-05-29,Chat,No
45cb35fa-ed6b-447c-92cc-af6551a84831,Male,0,Yes,No,49,No,DSL,37.15757716653469,7577.837084463034,ff63b7b3-6d93-45f4-ab79-8a82e57c7409,2022-03-26,19.93749701515803,b02d484e-5df5-4b52-88f8-d169aad1f0d3,2022-07-24,Phone call,Yes
9b0b7168-ee09-4859-8dfc-34f30ba1dc51,Female,1,Yes,Yes,60,Yes,Fiber optic,63.719563984794256,5006.948848586086,1f19b42b-109c-40c8-9adc-2932a6877732,2021-08-31,147.32754741649012,07e03f6a-ccc3-4a6e-b9ba-d0337a32aeaa,2023-01-28,Email,Yes
ae41acd5-6edf-4f65-9742-4385b6a99df5,Male,1,No,No,4,Yes,DSL,45.13069713589366,4721.782646490869,9c096565-c84d-4068-8e25-adb0b0850fae,2022-10-26,118.71436321645058,86465e6a-974c-4b0d-952b-1c60bb114b36,2022-12-21,Chat,No
d1736943-2cad-48ec-a102-3bace5aafe3c,Male,1,Yes,Yes,57,No,Fiber optic,92.49775710981314,157.3816295211812,b454ba7e-659a-4c31-8f99-af47edb9859b,2023-02-16,173.16874570876058,10dc4d67-93f7-456d-89d7-e93231ba43a4,2022-05-27,Phone call,Yes
0fea96f1-59de-4d91-a9c5-04e41717741e,Female,1,No,Yes,21,No,Fiber optic,22.510327058109816,815.1193509900467,906b0929-1433-4ba5-8bd9-246eb6711f61,2022-08-24,59.26010922323366,9997999e-bdc1-42dd-8af2-b2c7b078faf0,2022-08-10,Chat,No
d753329f-0dc9-4ca2-b47f-edc4b4ab282c,Female,0,No,No,49,No,No,35.114314156237036,5954.6292970921795,f2e17b0c-f012-4fc9-8fad-bb9956f1ebf0,2022-03-30,45.613310391844784,c59ad008-889c-4e2d-b6b7-67057b00a259,2022-01-14,Chat,Yes
bd21a5fd-b7f7-41b6-a627-61f2204fb9fe,Male,0,No,No,54,No,Fiber optic,97.10270926220008,2029.2550400883529,d1b47da4-f100-4518-9937-dec021623852,2021-12-18,77.2083515413235,ec40088e-fcee-484d-8634-83ffb3cf5148,2022-04-27,Chat,Yes
8de81c49-eacc-4cbb-b005-af85c45283f7,Female,1,Yes,Yes,3,Yes,DSL,55.75200396157265,4740.629316361269,96439c34-fa58-43a5-b3e2-309fd11dd905,2023-06-30,100.85254996375112,33fb62a0-822e-4851-a6c4-afe643386700,2023-02-21,Chat,Yes
fb7bf083-6b49-45e4-8265-a7fa9177e406,Female,1,Yes,Yes,68,No,Fiber optic,92.50086924008738,5509.0646099580035,cc1cc624-eda9-4548-97bf-376757f89b65,2023-04-15,26.030905351950242,b1aeda68-607a-4069-9162-1017c8e666b7,2023-08-07,Chat,No
865cfc03-3d5b-4f52-b628-5561f64799ea,Male,0,No,Yes,66,Yes,No,96.79681776430579,6945.820079783424,fba70311-c45a-4833-bc49-6806eb53cbf8,2022-12-20,125.67410864049862,9ec093c6-5ea5-493b-a703-3ea92c8db0f9,2022-12-06,Chat,No
a1b776d7-df50-42ec-b7fc-1e045cf7caa8,Male,0,No,Yes,22,No,Fiber optic,46.032807265518876,5922.4900731245425,c8d9ba83-f9da-4bb6-ac68-b8e42d6b64a1,2021-10-02,131.18547171144922,7fabc3c1-5cdf-4519-be95-33f52f3f09e3,2022-06-07,Email,No
32d5e08d-8d0a-4315-9df4-ca1ab7f87a65,Male,0,No,No,39,Yes,No,82.18076654541818,6627.205941653301,98dae3a5-81e2-472e-b15c-a39462029574,2023-06-24,114.77029434581404,984cceb5-8dbe-4e5c-9712-ec7b4a23491c,2023-06-25,Chat,No
a9461c00-5b15-4b38-916e-0c2190d4e329,Female,1,Yes,No,3,Yes,DSL,39.42161309958499,4580.8854550215865,6437e4a5-3fba-4036-b435-45b82e5b3ec9,2023-02-20,134.6017390223241,62b295ef-1c84-4145-9279-a364b3542aa7,2021-12-24,Email,Yes
5bec4257-9fee-4d24-835a-84832347e39d,Male,0,No,Yes,24,Yes,No,91.77213968156953,2258.1710044198417,f3754ba9-6cda-4cf9-b5c7-2ac87592cff7,2021-10-01,161.91180978650732,60324968-f066-46e5-ae0f-70b557f25c4c,2022-08-31,Chat,Yes
77145f53-c83a-4673-9b20-18f1c9a48ab9,Male,1,Yes,No,32,Yes,DSL,65.0801425535413,6612.19987012979,080853f9-5265-47be-abcf-20642c707a05,2022-12-27,190.8560077679612,02d5bfcd-d31d-46de-842e-bb16d0d13fc3,2021-10-31,Phone call,No
1333bb47-11c2-45a9-8226-7c54f4b75e85,Male,0,No,No,68,Yes,Fiber optic,68.46138949940922,2959.275698148657,9a115fb4-0d00-4a29-971f-f3dd4dc80bcd,2021-09-13,34.268006514227665,dc64deac-5521-4dd2-96f5-cb1165a36000,2023-03-04,Email,Yes
e6cd8cc0-550f-4b04-b7b1-ac467c463de0,Male,1,Yes,Yes,22,Yes,Fiber optic,33.17882526097908,3610.672516176281,52fabb73-8625-449c-ae6f-37aa370de7f2,2023-05-04,134.19926495835432,f491a659-348f-4395-a9d7-874acbdb95ed,2022-03-21,Chat,No
b7494a08-a5ca-401f-9244-0bbd998b0ac1,Male,1,Yes,Yes,31,Yes,Fiber optic,57.1591671243715,3694.7192653875936,4ab54a18-8aa9-418c-accd-0d732312a9b9,2023-06-24,17.705630657551364,11296748-a90f-4128-b443-c27ef2c87543,2021-08-23,Phone call,No
d62322cb-54e9-4b2f-a321-0bd2c7f54249,Male,1,No,No,70,Yes,DSL,58.02337945587283,7614.105196330076,f64ddd08-8138-48a4-9ddb-51134956d183,2023-03-14,109.91966263771026,a652e190-cf4c-45fd-9bfc-a0378d60f78c,2021-08-24,Chat,No
ff02953d-c114-4d74-bd8f-3227abc4b615,Female,1,Yes,Yes,59,No,DSL,71.81157710289635,189.98991866689144,ce1870cb-1500-4205-a1f2-043f2ffeac88,2022-08-14,47.77636070138412,0ca10b09-7d23-41a4-8146-6b09c38e3d19,2023-03-03,Chat,Yes
22e8e788-031c-4fb9-8f72-bcad0ee11aa1,Male,1,Yes,Yes,51,Yes,DSL,98.225194571313,6795.189834539012,d6a9d223-4c13-4fb9-a956-8b9fe7408945,2023-05-09,15.95323502202179,f94596d7-1b35-4e7c-8991-4082e0dd956c,2022-08-27,Phone call,Yes
4dbbc12a-17ae-4bd2-a3ee-aafc8f7f26f4,Male,1,No,No,60,Yes,Fiber optic,43.09531210434272,5602.644629971891,23a9f0ec-20ba-4010-8407-54776d1cf44d,2022-12-18,11.31679408944333,a7609140-7b47-4291-83b3-050f9c89ae15,2021-11-12,Email,Yes
3351e2a7-2e5d-47d8-b74e-26fe961709ba,Female,0,Yes,No,49,Yes,No,40.819891204538735,3987.249207104984,d9b25964-b829-41b9-b399-c8f288e0b8dd,2023-05-30,41.10306098081571,195b7e2e-2b2f-4576-9894-44c3d0fc7ebe,2023-01-11,Phone call,Yes
e0519580-cb88-4e88-8b21-e19396269bfe,Male,0,Yes,No,19,No,DSL,22.23228041421524,6148.067135357633,54fa3325-85c6-41c2-b5f8-fd54972e281d,2022-04-26,164.54512692141552,0596b7f6-fea8-4af8-820f-5c67e90c2118,2021-11-29,Email,Yes
5822e2b2-5ef6-4fb2-822a-4ef36e30cdcc,Male,0,Yes,Yes,24,Yes,No,31.360753603091773,1914.643144471697,4dc8b684-8812-466e-9ef8-f88de7c7385c,2022-02-03,120.02005839517727,f12eff29-a760-4868-b371-c77c81860f38,2021-09-21,Chat,No
fbd7ffc6-b4ca-4dda-95ac-dee769a0412b,Female,1,Yes,No,67,No,DSL,84.78931346758786,7577.354163799901,057e3442-4f9a-4997-9570-44021ec291ff,2021-09-21,73.5345526229691,a16cbc46-b1a0-40fc-a353-81cc45723c4e,2021-12-22,Chat,No
d18aa274-0ba7-4b0a-828c-304b86b472c2,Female,0,Yes,Yes,2,Yes,No,88.25305902012542,6354.0472868770885,399f5d95-82a2-4c7c-9347-96d7bc215515,2022-05-26,118.25305414879499,362f7481-c18b-4454-8f5d-ee6cfd542b40,2022-01-09,Phone call,Yes
51d0b903-2672-482c-9b24-c854e92171c8,Male,0,Yes,Yes,24,Yes,DSL,83.05093586927012,3606.0224045890486,171a85d5-bc57-4d49-81ee-3f5ab9e32750,2023-02-09,115.46793866442414,7719516b-6adf-4e60-a9de-e50ae26b5f6b,2021-11-23,Email,Yes
ad1f4759-624d-463b-aefa-a44652f57312,Male,0,Yes,No,66,Yes,DSL,85.8411795767561,3160.171586184315,6bad16da-f6e4-4d5b-99f1-b095200c3d11,2022-03-19,31.035486332843814,06f1c109-e2de-4708-b9f8-1197202de835,2021-09-24,Phone call,Yes
236ca30d-740e-4577-a902-d2e18488e11f,Male,1,No,No,14,No,DSL,49.64148473714447,3698.3731097324235,525c07d9-44d1-4d6e-90e5-5feaeb7fb559,2023-05-29,61.780143192338656,84db9afd-1880-4c15-bd5d-d2ada679a0f7,2022-07-28,Email,Yes
44296df8-aa72-4ff3-8422-f2653e509984,Male,1,No,Yes,65,No,DSL,34.53085131421912,1835.9652113485738,6eb89c60-a202-4d11-90b2-c2c7d9e17078,2023-07-10,106.76912700690905,09d43a28-6fbd-4d88-b2bd-7caec0837c57,2022-12-19,Chat,Yes
327e8446-1dff-4ba2-bbb8-4a6d64596685,Male,1,Yes,No,29,Yes,DSL,69.83969104429306,2580.282636673727,1a5cbdea-5f92-4a7a-a3dc-bdcb608dcb65,2023-05-27,139.84343218990057,2a1ce1c0-66f8-4725-8750-d8a08792b138,2022-10-16,Email,Yes
a98b2c96-60db-482d-a1e5-f1989ac5ea4b,Male,1,No,No,13,Yes,Fiber optic,84.47313798156438,1867.4746831635507,6dca3ad0-e024-4094-83d9-127dfd5d78db,2023-04-26,77.77585512021417,10ed8afe-dab7-484e-a5ea-f47d9a4fcd73,2022-09-10,Phone call,No
9e25b13c-897b-4742-924a-34b5bdda7952,Female,1,No,No,63,No,DSL,32.10088014320704,7744.211545448315,019ea57a-5760-49a6-a0cc-779a56cf4ae4,2023-03-04,131.47526303335238,8a09494f-f6cc-401f-b775-516667da7de9,2022-06-12,Email,No
18bf3344-d6f2-49d3-9edd-3bc4a5a3db8f,Male,1,No,Yes,53,Yes,DSL,72.72777590147717,5256.390458270317,cd033426-96a6-46aa-93a5-9407433df42a,2021-10-23,179.84484927123788,7679ee21-86eb-41da-a676-b4802f207c24,2021-09-18,Phone call,Yes
8b3eea3e-ce30-4adc-a0f2-7de8e256504b,Male,1,No,No,8,Yes,No,44.83978857194682,5166.528431941766,e54a9c99-0c00-4f77-a4f0-ecfe0ec91478,2022-08-11,53.348010740050114,0dfb6c16-1a93-4765-a2b5-0037e929400a,2022-07-24,Chat,Yes
c8e5b815-799a-422c-a58b-682972a4b361,Female,0,Yes,Yes,64,Yes,Fiber optic,99.70311552453451,4468.412761775212,dd794d6b-b2d1-4b58-a44d-90247f7749f0,2021-09-14,183.53506615347717,32c122e8-ad5a-477f-aa19-a05b285442c6,2022-07-07,Phone call,No
7944a238-1c9b-44b2-a8a5-61b41d555816,Female,0,No,No,35,Yes,DSL,35.60338841935664,3724.7105352446456,2ac39cda-35f1-4ca9-96a0-cd8c3491d1da,2021-12-24,176.75092130251988,08772a5d-0468-414b-b29f-56e4a4370e22,2021-11-07,Phone call,Yes
35a893a8-ac08-467e-8344-ba53305d5354,Female,0,No,No,58,No,No,26.617530015811496,4885.753781585375,535e5d9b-3f1f-479f-b1ae-c7c284747efe,2021-10-03,163.6609409841807,c7bbf492-6aa6-4bd7-9ff1-d62fa05e4a7f,2023-03-13,Email,No
2256d66b-e5e0-4c16-92af-6b59ed697a3b,Female,1,Yes,Yes,55,Yes,No,83.22862647819227,2979.2748520475025,fe6540b3-cc6b-496c-a50b-3a8988a8d6b0,2022-12-08,42.998217520705175,ef97b876-b676-4af5-99a2-c4c968e8664e,2021-08-25,Phone call,No
125fa048-27a7-40b9-9851-d52f88a1f505,Female,1,No,Yes,34,Yes,DSL,26.620270083858237,7322.232382913326,dc0443a1-8a73-4401-9709-54a20ae2af16,2022-01-19,48.243784672714,48edb8b2-be93-4a49-ab43-e92fb70bfc3b,2022-03-06,Chat,Yes
21568b10-2621-4660-a9ba-5a7d70e9d48a,Male,1,Yes,No,42,No,Fiber optic,27.25699769011556,1679.707898849756,e619ab48-da49-46e7-886a-5491c9dd11be,2023-06-08,50.44255913311585,019d34eb-0c00-4d73-895e-e0783b0a85b5,2022-08-22,Email,Yes
979196c9-f9a3-4b25-b2c6-45501a77578c,Female,1,No,Yes,29,No,Fiber optic,95.28018906306212,4984.490573900877,0678af35-46b9-44c0-a695-4d522dbbd52f,2021-09-04,121.42438742307999,72fe671b-3add-4c99-89aa-99848ced35ff,2023-06-01,Phone call,Yes
92d34761-bd17-4f02-ab64-99e61b9f1bdc,Female,0,Yes,No,19,No,DSL,66.12635339683679,5916.298843642678,6bed9a04-f9c9-41e7-aff5-4e99f8897247,2021-12-31,11.976614269125351,7cb55496-a43f-4f6f-90fd-bbd99be3b5fc,2022-07-23,Email,Yes
b52c3272-244b-4bf0-97da-0a11ea09a145,Female,0,Yes,No,36,Yes,Fiber optic,56.52255010784211,914.7823796242325,06c879e9-b111-4084-a358-8ed7111c1648,2022-01-06,40.417615739766006,18e5ac0e-b827-4631-b556-e569358897c2,2023-01-13,Email,Yes
7ec1f7fe-97c2-4b0a-8e62-6d663f95f632,Female,0,Yes,No,36,Yes,Fiber optic,30.553374792435726,4504.0418962540525,1c4c92c9-dcb5-4d4a-89ad-55bde8588a72,2023-06-04,97.59179734150551,2a02cca1-e183-432e-841d-1332e9a9020e,2022-04-20,Phone call,No
12cb4ebd-94e8-407a-b8a2-e797b7cf06d0,Female,1,No,Yes,49,Yes,Fiber optic,84.35446387352518,2594.8348874391963,5118df34-22f6-481c-85e6-acc6314645fe,2022-06-08,160.4754292901744,44d9fc62-5e76-4cae-a84c-2564acf63990,2022-03-02,Email,Yes
6d4bf313-c66e-495a-8f06-627f6c6db730,Male,0,No,Yes,3,No,Fiber optic,30.53216975005201,6378.621073132002,cbb65412-31f6-45c2-aa37-4dc79820090c,2022-01-31,112.36669032086729,1a92db1f-9344-49e5-a2cc-d762b26fa1e4,2022-04-02,Phone call,No
39f76892-d380-4311-974d-b70658643688,Female,1,No,Yes,1,No,DSL,67.18518063895152,4389.1469602338375,42b1b117-eb37-4799-8584-9b78954a445e,2022-03-11,129.3709966700109,f1654b8b-51a7-4365-b9de-536c80d56e55,2022-01-12,Email,No
21f4e1ed-060f-4b1d-851b-01c76460544b,Male,0,No,Yes,19,No,No,75.05877237526919,518.7876647571068,342cbaea-c556-4b28-979f-f5b09dea6961,2022-06-26,198.16689564481942,36dea5ea-e5fd-4f29-b64e-c2405a40644e,2022-07-04,Email,Yes
4ce32cbe-1e88-4400-a13e-822536a524c6,Female,1,No,No,14,No,No,44.36264394376199,687.02135507956,96152505-c879-45ac-9635-42084fa04486,2022-08-24,126.7999273409737,4137ee67-efc7-4776-8125-330baa63c989,2022-03-24,Email,No
846ad976-f085-46fd-8465-3b31492a98eb,Male,1,No,Yes,54,Yes,DSL,75.94617299530043,7508.881695153394,136059b0-ee64-487d-a890-9e81b75b5b21,2021-12-03,117.23569533526349,c040f402-2b57-41e9-95ea-1af0f34c3282,2021-11-15,Phone call,Yes
de91701b-b0d6-495b-a57a-f26e7fe7f428,Male,0,Yes,Yes,24,Yes,Fiber optic,22.621648669152687,4489.061917412966,35a6cd35-1b3a-420b-90c4-1465487c0a4e,2022-11-24,125.05237429088888,f2d1a622-4243-49ff-b0e4-5c62d1345cf2,2022-11-19,Phone call,No
12457b81-868e-4616-9689-e12ba1a40aed,Male,0,Yes,Yes,47,Yes,Fiber optic,78.66625648891032,3954.62391660477,ba6feb11-1672-4590-b766-e52c28f38e07,2021-10-04,141.28671596607077,deca291e-4b31-40de-9c19-44ba0355c60c,2023-06-05,Chat,Yes
65eddf83-ea24-47c1-b1c0-d0bd2b9a10e1,Male,1,Yes,No,59,Yes,No,89.03644508632826,117.86786664008896,885fec61-8680-47d5-941d-9a0c1b774a50,2022-06-10,128.2482070613613,1637a882-eec0-4d18-8951-f044f57eefca,2021-09-13,Chat,No
cf598737-f6ff-4183-8f8a-289d0df33763,Male,0,Yes,Yes,4,Yes,No,26.60692237825802,2246.125876189111,31929102-3d95-49b8-aa4f-332a815d4fb6,2023-07-10,134.2696089492509,60c288a6-6e84-405c-a0f0-f73c59eaf27c,2022-11-10,Email,No
1fc68074-867c-4d31-8057-d3ccef3fab76,Female,0,No,No,60,Yes,No,82.13366873676954,720.2308356473591,bbff64be-ebd5-4873-87d8-acd886032894,2023-07-14,81.10603472944611,91367be3-2a58-48af-99cc-1fd7c3078778,2022-03-12,Phone call,No
2c3d3e0c-1d36-4a16-88d2-a2a2a97bc097,Male,1,No,No,43,Yes,DSL,56.94602272013765,4354.795083792979,281fb36d-26d4-408a-b9d2-fdf000aacafa,2022-04-19,172.00940370267085,de0e6933-8d20-42f4-8e61-e110f41dc17d,2022-07-04,Phone call,No
3a90e612-ac5e-420b-889a-4e5e60320f0b,Female,0,No,Yes,64,Yes,Fiber optic,82.15955198845108,497.23806347997987,4c00b313-f277-4b85-818f-1e1ea4009277,2022-10-28,120.94900442432889,38839563-518f-4175-8a74-74f4872bf917,2023-06-10,Email,Yes
882f0e5f-5b13-4149-97ec-b8e266cf0e48,Male,1,No,No,44,Yes,Fiber optic,23.19123228627655,5472.502163622414,996a336b-4e2e-42ae-94f0-d7704832b714,2023-06-18,92.7830288297836,d049ed62-2f50-45a6-b71d-ea2881ff5bf5,2022-10-21,Email,No
6c7e45ea-3dff-4612-ad2f-737785cc1060,Female,1,No,No,64,No,DSL,98.60931718683209,2739.5946572032894,ecca160a-54aa-47ff-98e0-c44ba698c30f,2022-06-01,122.63857362670373,35f65b2f-75cf-4b61-9f14-00d496cccb88,2022-01-10,Phone call,Yes
60909821-fdd7-4982-ad27-4a3add55ef3e,Male,0,No,No,41,Yes,No,99.89496465368316,6569.88633454066,ed41ee09-27d3-4ad6-97fa-a1fe55f62513,2023-02-20,36.01405316604449,b0cafa14-84fb-4bdf-bc21-7dc4a0068dd9,2022-10-05,Chat,No
dd91288a-b3d1-44ba-9554-52b955f5bbd2,Male,0,Yes,Yes,49,Yes,DSL,45.02686731990472,7873.074520405127,0c0c0b3d-509e-47fa-9ab0-0d38a4122ea9,2022-04-13,30.358165850737564,05dc7435-c47f-4028-bab7-a9ac129e5b7c,2023-03-29,Phone call,Yes
4d5e8f9d-5610-4377-b136-6676633d045c,Female,0,Yes,Yes,23,No,Fiber optic,99.50350057636103,1229.3959400241522,5034c3bd-6229-4ff3-bd3d-789b43522d22,2022-01-26,144.00794359048712,5e9de87d-b66d-4be5-83c2-63baeac86000,2021-12-30,Phone call,No
08401df0-ba45-496d-84df-86cb49ffc705,Female,0,No,No,20,Yes,Fiber optic,59.08369721775359,4253.35382701468,695920ec-4436-4a5e-88fc-bcd41961a74b,2022-03-01,31.19292162747871,308ea500-4e16-4af4-b141-c8afee294f6b,2022-09-16,Chat,No
0d5d2afa-05e8-4132-befe-545324b27929,Female,1,No,No,63,No,Fiber optic,41.95027494256991,6388.39874901885,f9e564a8-f7c6-47cb-9059-5eb065323d7e,2021-09-03,87.56994403134392,7dfd7f21-f077-4f2a-8276-8e24c3db363e,2021-10-20,Phone call,Yes
33c8a5a0-8a6a-4cef-8dd6-6f29d9035122,Female,0,Yes,No,2,No,Fiber optic,86.013107552586,4230.8537860013175,4ffb22e3-19ff-452f-8131-929666ed69a5,2022-02-23,76.8476405527917,10bb925c-2a63-44ba-82d6-ae8f3be83828,2022-10-20,Phone call,No
f27f33a0-e57f-4235-96dd-f6c741538c0b,Male,0,No,No,31,No,Fiber optic,79.54560973875206,6102.0495425468625,538cd04d-6359-4a60-9e9a-f12690d8978d,2023-06-30,121.28951721353657,d69874a9-241a-4023-a269-f5cbf6530fa7,2022-09-28,Phone call,No
d442223a-5882-481d-a3ef-e3d331db2b7f,Female,1,No,No,40,No,No,60.87903912766561,4937.110032009486,c3de93ed-4f35-44ec-bdc1-00cd59394f73,2023-03-18,195.85344177300456,56e46fc2-cd32-4555-a207-272d0e2a1931,2022-07-06,Chat,No
3938ca9d-317f-4a92-af51-8965a19b8764,Male,1,No,Yes,52,No,Fiber optic,73.911229908319,7333.186900259118,227ee2f0-3ccb-418d-ad46-8dd85ab8ef8a,2022-11-14,47.8179515400851,b813bce9-caa4-43b9-b89c-a492f63ecfb3,2023-06-16,Phone call,No
117441ad-41fe-49ad-a8cb-54a717a76422,Male,1,No,Yes,31,Yes,Fiber optic,84.86425222550683,2220.7577325424077,116948cd-fd22-44db-9f8c-858b92d9aae5,2021-10-02,77.85628623160476,ad4e08b8-a0ae-4933-970d-22d7d9d27437,2022-03-08,Chat,No
48b8e208-45e7-498a-b522-3b8e7e600a4a,Female,1,No,Yes,26,Yes,No,92.50371133902678,4750.812572141848,e36a95c8-b37c-440c-85b3-7659393be5d8,2022-03-23,33.81250537863493,2de25c6f-a565-4d68-b1aa-a6f43ba172c0,2022-12-25,Email,Yes
2793440f-2dbf-4929-98b5-b879cdad0beb,Male,1,Yes,Yes,49,No,Fiber optic,27.4325739066352,7499.250823660193,99bd18ac-b8a8-49fd-8d3e-dfefd199c672,2021-12-07,134.88267539020228,3cc99ad9-6837-4699-9b0a-a898b5c96711,2022-06-18,Chat,Yes
2b8a3a48-f32f-454a-93c3-4d9ca81082e4,Female,0,Yes,Yes,64,Yes,No,26.164211097287613,3624.6705956768483,9bda1ed7-141d-4b4e-8d90-207b6303022f,2022-04-28,145.697460022281,2480db70-cc4e-40aa-869e-a96ce6a7056e,2022-09-01,Chat,Yes
6df41345-f832-4baf-a0e7-e7d184a25f52,Female,1,Yes,No,61,Yes,No,75.4576456790019,6017.8439984228,0013590a-b62a-4c05-80e4-26d2145dfc50,2022-02-12,136.02214986303176,80b800d0-61a4-4dd6-a2e4-dab3d1f3bba0,2022-10-12,Chat,No
af2733df-f84a-4ba0-b722-5eb4d2517474,Female,1,No,No,5,No,Fiber optic,42.660921259510395,2909.739105605504,d65fd8ec-365f-4242-bb78-441781ce1b6f,2022-08-15,124.98945011641602,920bcc82-240a-43cd-bb75-a559329f8cc8,2021-09-16,Chat,Yes
55b4934f-9fa6-4f3e-86f4-3a24ba03cd0d,Male,0,No,Yes,53,No,No,39.51280305744818,6890.42614226297,186cc586-c9dd-4568-8ea1-e561791b9bd2,2022-05-30,136.86479357471305,da031cb8-9ad6-4768-8fff-e2c0961edbb0,2022-12-22,Email,Yes
e01c7bd9-e395-4f9f-b913-113bfa46f100,Female,1,No,No,72,Yes,No,50.887759974510104,1046.0169819509615,9d5a4630-724e-4893-8e40-88c86e03a270,2023-01-13,41.44886922571851,6a4ae999-0cf3-4b54-a610-9b053573efa1,2023-06-04,Chat,Yes
3d9308e3-e994-44ba-9dac-7a8cb02ceede,Female,1,No,Yes,58,No,No,43.999577329134155,5019.249232495954,7d8d4495-df32-4560-ae5a-45959a009bbb,2022-05-03,146.3081789341342,7a3fed1d-14f7-4b9a-b594-c186be6e5282,2021-11-09,Phone call,Yes
a3da003b-745b-41c1-830a-6f62557a030f,Male,0,No,No,14,No,DSL,31.62871158069219,4038.6443326126027,fd9d8d85-683f-43ea-a882-6c87103be9b4,2023-05-15,198.4125179765632,35f644c0-64f7-4f26-912f-07ae830231e7,2022-01-25,Phone call,No
88d6baa8-41ab-4496-9557-aeba41ae3669,Male,0,No,Yes,26,Yes,Fiber optic,61.6408667553436,6274.2860258533165,cdef65c7-5c72-4e97-b957-9ab4bc6c4a98,2022-04-27,95.94531952549245,872d465a-3e36-42a2-8055-c2464a77d618,2022-03-13,Email,Yes
49cebe75-a218-4507-829c-c31c6f685dd2,Male,0,Yes,Yes,17,No,Fiber optic,72.14091146211611,5635.714070715841,5f64e47c-fa34-484c-97c1-db1b7ec8c4eb,2022-02-11,184.15824850625452,1e4fb4bd-14e9-4765-b947-9c6f48d74923,2023-04-15,Chat,Yes
42cbb1a3-136f-49e0-b2ad-8d0de2cd1bce,Female,0,Yes,Yes,22,No,DSL,68.3029317996349,4900.124240186631,11b601db-bc6a-4940-a072-3fc93d709507,2023-01-16,87.40432983099448,073abf19-cecc-457f-b527-fe13401a69b4,2022-06-06,Email,Yes
38edcde6-46f5-43d3-8bff-9f1b3af3d0bc,Male,0,Yes,No,3,Yes,No,38.80705595465883,3709.74792363773,08260a7a-d7b1-4072-a31f-3b04420187d6,2022-05-31,113.44908807100043,32988c73-1019-483c-9c97-f22a953c058d,2021-09-18,Chat,No
4fbd6e63-e72c-4a2a-8a9c-2f05bff68658,Male,1,No,No,6,No,DSL,52.03711588822497,6602.74340654528,da8c6f00-0bf0-40fa-ba26-adf515bfbf96,2021-09-16,102.02608509030549,6285fca1-e032-470c-bdde-0b37010e5b07,2023-06-14,Chat,Yes
0724b556-737c-4f8b-835f-51298a91ab83,Male,1,Yes,No,62,Yes,Fiber optic,66.78194749561641,3494.680895233505,eca8117d-7248-433d-a4b5-22965dafb7aa,2022-03-19,65.59909513749031,5f80c94e-d19c-49ff-b270-37fed5c54cff,2022-09-03,Chat,No
617580b3-3d93-4d3c-b87d-3372af052f40,Female,0,No,Yes,29,Yes,Fiber optic,73.77518438243128,160.58219841527074,9dfc9cf7-afe9-4cd9-8af4-e8da82bc070c,2022-03-23,188.75579573212104,cf0d60c9-9cca-498d-8016-17bdbae7c56a,2022-08-18,Chat,Yes
4fe3aa9e-fee4-41f2-a93d-7c8394ee8a2f,Male,1,Yes,No,13,No,DSL,86.76311368510098,1899.6008755435532,298c59ab-c9e8-44ab-9c3b-622acea43f8e,2021-12-10,124.87931635685632,95a4c077-d9d8-41dc-98b0-9c173db1d2ab,2023-01-12,Phone call,No
5c6c4d64-db31-42f2-9c44-a85268e9b8e5,Female,1,Yes,No,42,No,DSL,22.20769197931392,5177.916931957036,abee3a63-b53e-48f5-8d11-24c3acd3e1e7,2022-08-05,168.51283533783962,8aef500a-d5d7-453a-9cc2-b7137f1da613,2022-01-21,Chat,Yes
4f1853f3-5577-4450-96fa-520caec74f86,Male,0,Yes,No,65,No,Fiber optic,25.26624709657728,5709.56555770119,0f23ce12-ffe0-48a3-a16c-f6668144a93a,2023-01-06,76.76706938097618,9fe8fdab-e479-495b-b57b-05ddc9370d20,2023-02-27,Chat,No
1c470f46-c456-4cb6-8869-a6ab040582ae,Female,1,No,Yes,9,No,Fiber optic,23.18173968101061,827.1065176889155,0c9341ef-e8d8-421f-a39d-45463053070d,2022-12-15,142.59556838492702,f2f4ec1b-434b-4422-ad92-d260b08bda4c,2023-02-25,Email,No
2ceea577-5f4c-44b6-b399-3ff255850521,Female,0,No,Yes,49,No,Fiber optic,79.891605409471,4092.8841346200243,83a82162-c78c-4000-a670-78363fc57ceb,2022-04-14,26.727596754315304,5f1d36b3-d373-456d-9a99-23b0d0b9539c,2023-08-12,Chat,Yes
411003b7-e255-4d1e-a929-4abc90a306f9,Female,0,Yes,No,66,Yes,No,69.9728638020784,798.8606717403416,4bbf9e80-bcd0-4a0e-9185-bebaa4378100,2022-05-22,195.21132845067336,e6c70de0-c1eb-4923-9457-f20777deec6c,2022-07-16,Phone call,No
a249a1b3-a630-4a13-b1dd-0869c924e0ed,Female,1,No,No,68,Yes,Fiber optic,62.92983793409885,7570.815698591559,f8a37176-34e5-4fda-8454-8b6d75763a43,2023-01-29,43.330200329470905,9d899f0c-b63c-426e-b460-c21b7aa82914,2023-08-02,Phone call,Yes
2136fcc5-65a5-41f4-a35e-b1a481949bb0,Female,1,No,Yes,67,No,Fiber optic,36.72807153389576,6768.313067402748,32c849c9-af16-44ae-a427-91cb0565f095,2023-05-02,191.28975669943188,f8723bec-0bea-4e3c-863c-79b1eb45bdee,2021-09-15,Chat,Yes
e048c8f3-cc4c-43ce-84e0-20bd226db532,Female,0,Yes,No,7,Yes,No,92.29451626754683,1675.3667245417469,2c6333cb-56d7-41bb-a9ae-9bcdb3ffe237,2023-08-16,53.65648951379665,874152b7-c314-4ff7-babf-e300edd5ebd0,2023-03-14,Phone call,No
2578cfb1-d6ae-4745-9a53-cfaabf3a9494,Female,0,Yes,No,40,No,No,26.30823379933687,6436.755331872056,facc6e39-ce37-46ee-9bed-2e98a5d8511d,2022-08-13,163.8709260639536,7d998535-51a4-4148-9b1b-2ad4082947e0,2022-08-27,Phone call,No
0d21c1bf-c3f2-4acc-9711-7d1d449a2973,Female,1,No,Yes,69,Yes,DSL,78.27182015325917,992.1145047575118,956641be-76cf-4fc2-ada4-9e96b383f317,2023-05-05,49.30399961256166,f17ab03c-f062-4e10-98f7-80a50397a21e,2023-01-16,Chat,No
7c80e5a7-448b-4ed6-ba1a-c84a05c75fdb,Male,0,Yes,Yes,25,Yes,Fiber optic,70.42771300626681,1067.9753622825517,3c7ef1f8-1746-435e-94a3-e8acc0c66448,2021-09-25,138.98703083828212,d09fe8bd-bf12-49be-84ab-70c624528acf,2021-10-20,Phone call,Yes
cf19eab0-9e15-4b17-8e23-f79fa793c343,Male,0,No,Yes,13,Yes,Fiber optic,44.85771455872455,440.61226988172325,c318c569-330b-4443-8e86-dea3269e68a9,2021-12-01,39.45982453592774,07fc41f9-2939-48f5-b26a-7ed39b0f7136,2022-07-16,Chat,Yes
b154e8ba-066a-48fd-bb5e-0cf928eaddf6,Male,1,Yes,No,63,No,Fiber optic,74.50601430703055,4494.993052026249,0065b254-8c21-40ca-bf0c-3bfaedacc817,2023-05-20,123.94018471632809,71d8d9e5-ed13-42ca-af6d-6cadbdffc326,2021-12-08,Phone call,Yes
489ad426-34e7-42e4-bf51-0937cbca1c86,Female,1,No,No,66,Yes,DSL,27.690275655359457,410.94485346281505,05160475-4398-4fee-bc2b-04d154603e0e,2022-06-23,164.1997761903316,fdc9e36a-dadc-4aba-b1ae-3fd29f317e86,2023-07-27,Phone call,No
d72782fa-198a-4d46-842f-2d87ecb65e6f,Female,1,Yes,Yes,13,No,Fiber optic,52.41248220083712,186.14269376821613,4d368f56-6339-4222-a4c4-be095f87d8d9,2023-02-13,91.60102530003373,6b57a776-0922-4d6d-ac96-2392dcf9d4c1,2022-12-25,Phone call,Yes
9fa0d102-8896-464e-a9c3-66600a466c0c,Female,0,No,No,2,Yes,No,35.07187253982281,6336.844706092644,84ef7672-f009-4a25-a29b-741446abaf7b,2023-06-13,158.82608976181805,5f73b2fd-5148-4b09-949b-3cef4adb206b,2022-05-29,Phone call,No
f119377e-968a-41a3-981c-cd785cd68477,Male,0,Yes,No,22,Yes,Fiber optic,99.41494554143966,1626.2362452793284,c08490fa-673d-4a1f-9cff-c633c9c17916,2022-11-08,106.92574964339492,088291d5-7989-42bb-ad9e-1c29432e8581,2021-10-31,Email,No
0067a26a-4e9c-4c56-9ca8-af493a818841,Male,1,No,No,70,Yes,No,30.054096999528195,1423.9056961392266,788eb01c-d6e7-4f5d-a12f-02c732ec0d9a,2023-03-05,141.0844082106356,6cecc40e-78ea-4617-b50e-0415117ef1ee,2022-08-19,Chat,No
c4786c28-3e30-429e-a4d0-60ca1baa6a20,Female,0,Yes,No,3,No,Fiber optic,49.438696056569626,7150.539476449969,0a487962-6141-4270-bb87-f146ba9c0dca,2021-10-10,159.1980499205019,8e71545c-3e7e-401d-9a53-6fab1898846d,2022-02-01,Chat,Yes
07344519-3f0d-4dc0-add4-566184abd007,Female,1,No,Yes,27,No,DSL,31.003032201070447,147.14792236446988,20251ab1-e1d3-41e3-9b5d-1ae47222dbe8,2022-05-30,65.39799986205418,217e842b-0665-43a6-82bf-b34d4d2624a2,2023-02-05,Phone call,No
04f942ed-490c-40ac-9a9f-fce8b154eba4,Male,0,Yes,Yes,18,Yes,No,21.056964702271024,4252.692451970539,c93d507d-8651-4c1f-8f37-b5ed37b616f7,2021-11-13,160.9677453865026,548f2ce3-270b-4c87-8113-191638edba9f,2022-08-09,Phone call,Yes
e1207dfa-e0bc-40ab-8534-d5d91e677e54,Female,1,Yes,Yes,18,No,Fiber optic,96.89411851128551,4796.254132474657,537d1701-287d-4f56-8123-7964bdce312c,2022-11-10,91.59899900726217,f0a519bf-eda1-45a5-a388-e047dd3d69ec,2022-01-25,Email,No
b35b5d2f-e987-40e2-bdd6-94b447b4ae46,Female,1,Yes,Yes,49,No,Fiber optic,26.110028543796044,6313.719173579538,e9597a2d-3361-4b1f-b989-7ac59b92f839,2021-11-10,165.943971644108,d678d2f5-ee85-4b4e-9f0d-f877cfea8521,2023-04-24,Chat,No
a0cc090f-d90a-451e-be28-d643f64f506d,Female,1,No,Yes,31,No,DSL,76.59431857968701,6876.0502280086985,44a70df2-6e7e-432d-841b-5244651c0762,2022-09-23,13.204370777374791,fef93e82-6247-43d9-957b-5d4981f32252,2022-01-17,Phone call,Yes
2a4beb2a-4eed-40a6-8f2b-bc63b673ac2c,Male,0,No,No,23,Yes,No,55.252265578011695,5892.532535737677,20cdb8b6-b893-4aa8-b356-980dbe4fc229,2022-04-17,73.4858922500158,1c2a59fe-562a-4012-9beb-970b8489f35e,2023-07-14,Chat,Yes
5d9624cf-7f9f-452c-a1aa-6e5790c7bdfd,Female,0,No,No,54,No,No,33.73167392184756,6119.466151376494,d2b625d6-eb48-4431-9540-7d74f3fdb14d,2021-11-16,107.41126396541566,d5fc1517-3619-49b7-98ec-bab91bae185f,2023-07-09,Chat,No
ab81838e-e73c-4c0c-8911-56f8a5a566e8,Female,1,No,No,6,Yes,No,36.401529573877184,6697.71492682727,886074c5-84d1-4704-9004-da0e4ecee7b0,2022-09-02,31.07736489246673,8ea12fff-56c4-4b9c-bb19-b2b307955672,2021-08-31,Chat,Yes
e3ad835b-75e5-4bd4-828e-7a3c52407f6d,Male,1,Yes,Yes,58,No,DSL,95.78579046785751,7393.701071807043,f94e20db-b5e9-4515-b6e9-e7b6e413f64f,2023-08-08,23.274488914787717,4fb86e24-a912-4d69-bf93-bff2814ac739,2023-04-08,Email,Yes
da00d2c2-58ec-44a7-936b-a4aa63c20788,Female,0,Yes,No,28,Yes,DSL,92.88310755561605,2028.5100505095252,40d35b18-4ee4-4ed5-913c-61fd636b6ba3,2022-07-22,50.42672210645153,8150b57d-165e-40ef-9c31-273ad76a72ea,2022-12-10,Email,Yes
efb6e810-e3a8-4709-a17f-b0c6558039cc,Female,1,No,Yes,64,Yes,Fiber optic,72.2194925198489,119.82096341512634,ae771f51-e6b2-4e6a-932f-1a1414daf1c3,2022-01-19,192.1968613118444,0d61a1a1-45d0-438d-9d29-f8ee2ffc6032,2022-03-24,Chat,Yes
9a269fa7-bc55-4f0b-b0ba-ab24e964e924,Female,1,Yes,No,68,No,Fiber optic,31.91622955709903,5144.873638494044,bea3e35c-da33-4b57-b18c-2c88dc976770,2022-08-23,61.19182799310458,8dbc1dc3-23da-4798-9ebd-e51369f74e22,2022-08-04,Chat,No
7d205b54-5b7f-4653-909e-cc4f360c0338,Female,1,No,No,15,Yes,DSL,82.9001669582144,1345.9730034237227,498cf728-6eaa-494a-8f41-718bd34a4ddf,2021-08-30,189.08583002431757,fccb76e2-5e5e-4974-9a61-bf70d72f0b84,2022-10-25,Email,No
8c09d303-904f-436f-ba2c-db53375f517a,Male,1,Yes,Yes,67,No,DSL,84.46559851764675,7281.175392204664,c2393cb3-33c4-4f84-b099-51a818912b81,2023-08-08,34.62081280109294,220e0cd9-0368-4a77-9c93-50d660875136,2022-06-06,Chat,Yes
1c1bf757-5d75-4557-8a9d-998dd9bc2433,Male,0,No,Yes,42,Yes,DSL,71.54961393276028,2426.354517899688,c3ac5efd-a394-45bd-b582-6688ca526e4f,2022-02-08,41.971435279835404,5768d299-fb5b-468e-86a3-2efba028c86c,2023-07-02,Email,Yes
e0f0cbff-adc7-4520-99ab-b574a4f023a8,Male,1,Yes,Yes,16,Yes,No,37.592270405862386,3909.016667454512,100fea18-293d-4db2-931f-29fde633907d,2023-07-20,104.59137097412412,e0957ca1-8701-4f56-9f34-a13b87c590cd,2022-11-21,Phone call,No
2bffbaf5-64fc-4e8b-9ae7-69a9d218ec3b,Male,0,Yes,No,41,No,No,70.51266636348606,2158.796756971852,e9e508bb-e558-499b-b2c5-7daa060b883f,2022-09-23,187.96995801739033,b8988b3c-adfe-4482-bcdb-8ef1afd411d0,2023-07-20,Chat,Yes
00dda438-64fb-49aa-bbde-0d4f5941f4f2,Male,1,Yes,No,37,Yes,DSL,43.141426889229564,2644.109588957716,dd2549db-1d9c-4dbe-b2e9-3a780d01651e,2021-12-22,46.89990372367733,c3552c3e-46e7-4fe7-bf39-a214e06b2dc7,2022-05-01,Chat,No
ea06af03-54dd-4835-9902-e79b705e6d8e,Male,0,No,Yes,47,Yes,Fiber optic,57.184311824881874,6529.302190625474,b1a09cd7-b873-49dd-ab52-c75fd9120d6f,2021-08-29,58.885519494040096,c8cf3b17-edc9-4096-ad56-a4ad2b506753,2023-03-02,Chat,Yes
9507ca0b-1155-49a5-be7c-068ea1cc6182,Female,0,Yes,Yes,7,Yes,Fiber optic,76.54950618019785,1703.403826881111,09b61df7-ac56-4a87-9338-842d6214e2b5,2021-10-22,192.90809283498928,42844d09-444d-4b93-b659-f2779ea58460,2022-08-16,Email,Yes
62189d29-c892-46e3-ab79-6f42cbf6976f,Male,0,Yes,No,35,Yes,Fiber optic,71.22563825411939,5400.174925712859,d9e22748-c3cf-485c-b0c2-531f066ca4dd,2021-12-04,183.62300356314364,5076cff9-5e86-40bd-b1a2-44862c6be50f,2023-02-04,Chat,No
efdc3d3d-2c97-40b1-8006-425763775964,Male,0,No,No,3,Yes,No,41.779780903565005,1541.434366336165,459d015b-3631-4ece-8659-822df365b867,2021-08-28,83.83150696053467,70017cec-219e-4fd6-8e2e-3dffbea9bdf8,2022-08-12,Phone call,No
d4098850-1f55-40ef-8dd6-898a06780d02,Male,1,Yes,Yes,35,No,No,80.8207465988051,4197.98644100436,6f2ebfbe-7e23-4dc8-abea-bfc37c94bbd7,2022-01-19,190.7906756943363,a627d256-9c60-4a19-89a8-71a2b7c51385,2022-07-30,Email,Yes
6bc05e6c-c603-4600-8d29-4c17dd0b74d0,Male,1,No,Yes,25,No,No,98.8273855546874,379.56926213185903,c93fc054-d92b-4e36-a5eb-d2b50eaa68de,2021-11-05,45.88244951709076,4fd21859-4784-4f16-9790-2aadc99ab73a,2021-11-14,Chat,No
5f080e78-626c-4447-ba7b-3e7ff4d1e9e4,Male,0,No,No,15,Yes,Fiber optic,83.56483490292064,7028.997886678075,4e7a47db-79f3-469a-8c92-569f0fee0268,2021-12-18,17.019113521944675,956fdc8b-0c53-47dd-8b8b-fcf6df6470ee,2022-06-11,Phone call,Yes
6857ad30-3ea3-410a-b4fc-341191a203c0,Male,1,No,Yes,8,Yes,No,77.43450571555624,4592.984810136157,4e40f1a4-127b-4862-922e-e00dfb2d0e84,2021-08-22,124.62203971285825,9c8fbea1-bc26-462e-8567-c5048eeaf366,2023-06-16,Chat,No
53a11a98-d3d1-463e-8d4d-0989e4a46993,Male,1,Yes,No,50,No,No,20.777476202773233,2391.9323044898088,a73ddcb3-de63-4203-a880-5b648ff3a4e0,2022-11-19,61.97696879242565,b76d1d4f-bc97-4347-9d1c-5b84bba6012b,2021-12-27,Phone call,No
96b7ee2c-83d4-4461-bf32-b0753b6a1831,Male,1,Yes,No,4,No,No,78.78078137366312,2771.093610583779,52c4ccd5-5087-41be-a33f-a65544a3a50b,2023-01-04,54.09998996499018,b4755bee-4e2a-41aa-9d1a-b0523385931e,2022-12-30,Chat,No
1236a26a-7500-415d-b244-5f11c70f33c8,Female,0,No,Yes,35,No,DSL,20.479951644040284,3341.9476175477544,bc2ce144-2038-4f9b-849c-43079698d046,2023-04-26,44.33948812642279,29db32a0-0cc0-4197-bc43-f4a7ebdd76fd,2022-09-20,Email,Yes
21b7ada1-68d9-492e-9b14-58786e58edf3,Female,0,Yes,Yes,46,No,DSL,98.6766097504464,3181.595058159655,d6d97432-e87c-4197-9715-92a49cd7b953,2021-12-14,76.3292778166137,f10240fa-a58d-4aa5-81b7-ee01c9e99981,2022-07-23,Email,Yes
b901de38-fe7c-40e7-b913-a7fdd01e2282,Male,1,Yes,Yes,41,Yes,No,83.76993495018851,5961.623211874083,2d76f4a2-3787-45d5-8d1b-c462cc1cf08c,2023-08-16,197.42310136289754,3eeb857b-d647-42c6-9af1-e29ed3a0a1ea,2022-06-26,Chat,No
93ee2b03-9f00-4fa6-a0d9-2f02e2cdac31,Male,0,No,No,19,Yes,DSL,79.7638027636506,6602.723481947814,8fe8eaa3-c5d1-4201-9e89-7d05e8a5a2f9,2021-10-15,132.0972259230797,2b30026a-3da6-488f-87c1-e5ca348cd671,2022-12-16,Phone call,Yes
a1c0d77b-4338-4b46-bde7-3e215e52a693,Male,0,Yes,No,57,No,No,20.51642868568985,2736.1020355916244,8fe117a3-bea8-4a6e-8751-be1ef5827470,2023-01-04,76.67529993232401,1c3b39c7-d07d-491c-bce2-b2b9e188aad3,2022-04-26,Email,No
e0269858-85b2-43e4-8a78-76b93ffac4f0,Male,1,No,Yes,7,No,No,70.5696581295902,6912.51753629909,89b988a5-c41e-4f51-9279-ea6521afb08a,2021-12-31,101.70301002221795,78e300b5-5778-4fe3-aa4a-46d38aae6f3a,2022-02-07,Phone call,No
6df49c41-a2fb-4786-a794-a682241cdc0b,Female,0,Yes,Yes,14,Yes,DSL,43.45163061441887,4592.8053394479275,060aca57-d3fc-4898-a47b-5b2d27ce966c,2022-03-02,77.5497753551576,f97def1d-5c23-4da9-ba1f-c0c92edb05e4,2023-06-26,Email,Yes
ea2c718b-a526-4690-b618-a0c3ae5fa49c,Male,0,No,Yes,37,No,No,32.19423271682917,2102.215629864615,2429ec98-16a1-4aed-bc97-2f6c40b87351,2021-12-19,37.88075340431125,ac80b3d5-8c1f-4e5a-8de5-dd08637b6e48,2023-06-07,Chat,No
f51e37df-07ab-455b-a3a6-35512a640b9e,Female,1,No,No,6,No,DSL,69.95998231626163,7913.880663445709,26a5598c-e6ad-44a1-819c-06c64be0dec0,2022-07-01,20.32506923859561,a1a69bf5-cdfb-4282-a8d2-895c5f4fdcd7,2023-05-11,Email,Yes
89f034be-7498-4627-9872-baf6a21be12f,Male,1,Yes,Yes,69,Yes,No,27.6655427400957,2134.9669843862157,1158a390-807f-4467-9d2d-48acea4ff8f0,2023-02-10,147.17051080163716,e44c9d44-d442-44a2-ba25-d7992b2e9533,2023-03-13,Email,No
8be0fc0c-5c22-4ef6-ba6e-5896f5efbd42,Male,0,No,Yes,19,Yes,DSL,61.88768036368623,5635.675589815208,fec5a8b5-b648-45e7-bfa3-1993f60cdbea,2023-02-11,23.684411692339157,ff705c0f-da16-44b3-8785-72e0e4810c26,2023-01-28,Chat,Yes
f3b09c70-740d-418e-8f9a-73595f5ad5d2,Male,1,No,Yes,29,No,Fiber optic,56.11447460284971,2858.7929708771235,c67b75b8-8c88-4c25-88dd-bc78bed6f679,2021-10-14,114.19296316109667,5d70d78e-8fc2-4ac7-8316-22a75cb88109,2022-10-26,Email,No
a62e7a2b-7527-4fea-ba62-832f75ce14ab,Male,0,No,Yes,66,Yes,DSL,21.904757406458543,2011.6494966024916,1de9be64-a227-467f-9395-bfe96b8d3915,2022-01-29,100.2064518890549,432428fd-2386-4c78-b36d-8bc35e4df094,2023-03-06,Email,No
a6773fd7-8e40-4425-a3c1-c90613d8df9f,Female,0,Yes,No,57,No,Fiber optic,79.27825865927583,3162.0843948024494,f437d99c-8d72-4724-85cb-83b79e5fcc49,2021-10-18,65.46705649381093,466c7850-7c48-4a4d-9c28-42c7e171e964,2023-05-07,Chat,Yes
6f9cd5d8-1290-4a99-bb06-9564ac523713,Male,0,No,No,46,Yes,DSL,67.58825972465603,1752.6907166772023,ff9ccf3e-d5d5-47d3-afe0-6a01b09495ef,2023-06-11,24.720016333416794,cfc901f7-28ae-468e-a090-583191d80c86,2023-01-20,Chat,No
971cce27-8283-4539-9449-a1fb46f5269f,Male,1,No,Yes,48,Yes,DSL,58.66616343793333,5336.746696703886,f128719c-06be-4330-a7d6-fd940992a5b8,2021-11-12,78.50267481017286,e020490e-7d89-4dfe-b1a0-65a7fd32e072,2023-01-30,Chat,No
abd56b3e-96b8-468b-898d-628febd66e2d,Male,1,Yes,Yes,61,No,Fiber optic,27.152020717258807,3997.203481852077,ddb519ad-4df7-48b6-89c7-a7d1d940c3c0,2021-08-28,108.53069971985852,41f0cfe4-4d40-4e2c-97df-78a1ec20fbcc,2023-05-13,Email,Yes
f3ee156c-140c-4e6b-83a4-41dac437da91,Female,1,No,No,26,No,DSL,54.85590389191866,1022.1638808109979,36254ecf-ee8d-45b4-9baa-4ef521c2a44d,2022-05-19,42.19834136632841,fc7932c3-7274-4896-bbc9-564df637b583,2021-10-24,Phone call,Yes
9e90e18a-beac-4c18-81f8-053343dd4ac7,Male,0,No,Yes,38,Yes,DSL,79.76227945600331,7869.868733051015,397c3f69-6bf1-4bf5-9f12-167f04e49ba4,2023-03-20,177.9998212686005,6abc215a-c2f7-4e37-af24-93ed9a513e4d,2021-09-29,Phone call,Yes
8409cdf1-8f02-48c9-9f55-357819838871,Female,1,No,No,67,Yes,Fiber optic,91.1444141026809,6922.702282374759,3e4e146a-c98d-4032-8bca-1b70aa3c40fd,2022-08-06,179.0064036379031,c5abeef3-afa7-4679-9a91-9f059c5b0d80,2021-09-06,Phone call,Yes
2249a468-1897-4f04-81a2-42b70f3538a9,Female,0,Yes,Yes,62,No,DSL,79.20730296275445,2719.2655021283667,60ce038b-1746-429c-afcc-82689fe7151f,2021-12-17,54.20932417240359,eeb73fd6-c4b3-4101-a148-4f8fdde5d8b0,2022-05-19,Phone call,No
23964615-2c8d-4620-9aae-c6eab5603e9e,Male,0,No,Yes,26,Yes,DSL,28.777252559792366,1624.45224912806,1babd364-96f2-4bb8-9031-735809f97fe8,2022-01-22,71.76747767177996,a25adc15-483e-427b-a286-daf59e20e7bb,2022-01-31,Email,Yes
359c5f33-174a-431e-893d-83f9b84b3e57,Female,0,Yes,Yes,3,No,DSL,57.59728880719635,2868.50474166534,1f7ee140-2fb2-4722-bd35-f83fa6a45b7f,2022-07-22,150.4701583331847,8a1c6bb1-e9a9-4a60-91d5-e2f1ae606487,2023-04-18,Phone call,No
5dbe8336-33f3-4fd1-be5a-28f9bdb00827,Female,1,Yes,No,32,Yes,No,61.74475989915673,3255.14656100899,f943407c-fbb0-4987-9ac7-ee8a08f335aa,2022-03-23,124.44406704439318,6948efa5-42ba-4ef9-a49e-8439a3320920,2023-02-27,Chat,No
ee5ce609-9d57-45bf-a956-198596f1f106,Male,0,Yes,Yes,15,No,Fiber optic,24.44812497051977,6005.76281755478,ea21cd7b-fc16-42e2-9cc5-4fd0343f4f59,2021-09-26,127.48067134786211,c0530a45-6450-4fc7-83d2-f1407ddcea79,2023-05-12,Chat,Yes
1d126d73-68e5-47b3-97e7-dec34ee9e6b9,Female,1,No,No,46,No,DSL,80.95682996271476,4130.964817337545,fe8eac91-9a77-4866-9968-9870e4807010,2021-10-19,131.25042059729662,3a8cb850-c7e0-418a-b2d5-4e968e62bd7e,2022-02-16,Chat,Yes
2297c56b-8ec8-4644-b81f-02a7a58de556,Female,1,No,Yes,6,Yes,No,95.59404303040554,380.41174112754373,cc6ac498-ee01-4032-b109-f1c8425bd304,2023-07-19,108.73934463975873,d4449153-e175-4a09-9996-a3c864297911,2023-06-08,Chat,No
921c25ac-51a4-4afd-82c2-7e0918d47f7a,Male,1,No,No,60,Yes,No,87.40762002350645,2457.107190467115,fd74f68c-638c-4b39-a133-e80bcc78bd12,2023-08-03,105.56963656108918,57e6baef-5a8a-467c-90b1-1dd3dcd9bd6a,2021-11-24,Chat,No
bf571e39-83be-4ea1-9bd4-f57d92fe5efd,Female,0,No,Yes,24,Yes,No,38.118652908414035,4822.391100102599,d558293f-6f74-4fa5-9a64-fef12be060dd,2022-03-16,160.2085342302673,a4e45a0d-4bf2-418c-a0f0-b84501e00b1d,2021-08-25,Chat,No
d77fdac6-f86b-46f4-8c95-bf21069ad0ef,Male,1,Yes,No,48,No,DSL,33.762540517612365,6604.625258416472,c574ba5c-9ded-4f8d-8597-02cd3f9e5c40,2022-08-28,191.1519140172617,949b425c-4a7a-4300-af85-59524d1ee6c6,2022-08-14,Phone call,Yes
0ad029ce-e18c-4f46-a624-5c076efd8065,Male,1,No,Yes,6,Yes,Fiber optic,89.99858306767776,5229.641765079917,ee823840-c37f-4244-be3e-8ab58fa83694,2021-11-24,174.05352206840578,ee1e13a0-29c7-4ab6-8c53-7465a153fe00,2022-07-27,Phone call,Yes
e69e8646-30ee-4e6f-989a-07b48ba8d927,Male,0,Yes,Yes,10,Yes,Fiber optic,87.73001375419763,2059.9387039019985,46d62203-ebd0-43e5-bdd9-f66365ef5cc2,2023-04-10,168.28034663734636,d944423f-7e89-4dc1-a7b2-3ef3b8319d28,2021-11-06,Chat,No
f71707fe-0690-442e-a1fe-13fe9e312af0,Female,1,No,Yes,10,Yes,Fiber optic,89.20946678010766,3435.154293416361,119eb729-1c21-4bfc-98b7-b93de7ea4aaf,2023-05-27,182.7760927250703,7aa90dde-e5b2-4e4e-a2ef-e576b1f58c59,2022-07-11,Email,No
c314b2f2-5a0d-4830-8023-eaf638d2e62a,Male,0,Yes,Yes,15,Yes,No,37.688120125745456,4855.3475458951,a060c689-0d60-4025-b4fa-aade4f3e4091,2023-02-21,94.42107543673785,ef793474-f5a8-44a2-9e7d-57b6f02fb635,2023-02-21,Email,No
60813813-a222-47de-a895-1ef12cd1b006,Female,1,Yes,No,60,No,No,91.97229013308907,1551.3427840359764,3f5720b6-0c7b-4a10-8f1e-40b949c39b56,2022-01-14,25.648171460630486,b9bc4741-14e7-4361-bb31-a0c4bd09f8bd,2023-08-18,Chat,Yes
86cc53a5-2404-44ff-8330-1435dc9f0906,Male,1,No,No,5,Yes,Fiber optic,58.55152921792394,817.6394387800082,eb26a841-7c7e-4b0a-8750-57346ebe5725,2023-03-29,126.10669588678228,69ce0aaa-4c18-4fe7-9656-50bc5ef85d8e,2022-03-07,Phone call,Yes
f63d8715-09dd-4b1a-9f86-cd5573d20ccd,Male,1,No,No,8,No,Fiber optic,49.89918107248197,4371.566292455619,6a9a5b56-b229-49e9-baa1-0e114ee13128,2023-06-26,92.30110323164222,b1167072-b72b-4b9c-9595-746304f23cb7,2022-06-07,Chat,Yes
0daf8f08-70f9-4b81-8ae6-edc47da0eb3e,Female,1,No,No,43,Yes,No,26.709495430280548,3379.384842530349,8da2dd88-f052-4570-a6b5-be076e6881ea,2021-11-14,27.58033155697121,b05a02c0-deaa-4246-870d-74f3bb116635,2021-09-09,Chat,No
ef319f34-7ef3-48c3-91e5-997da81f2697,Male,0,No,No,28,No,No,29.7068586594294,2606.2737067350804,994f002a-16ca-4c35-b367-9b9f4a98588b,2023-07-25,40.266534035447705,a5d598d9-3eb1-471b-97c9-42ebcbf5de8d,2022-12-25,Email,Yes
87c31c71-0730-4bef-943a-8bdf24c95180,Female,1,Yes,Yes,10,No,DSL,73.03570217373156,2200.3684388578718,417b533f-df70-4dd7-8dd9-64b55844d895,2022-02-06,81.09561416735808,cbab7d4f-ee55-4583-9f97-227286997385,2021-09-09,Phone call,Yes
d4b349cf-7788-44e3-a91e-e2bf34bcc8a3,Male,0,No,Yes,18,No,DSL,84.32141854982268,4915.969799581274,41f8c583-4835-4b42-97bb-a5dd05d0db91,2023-07-13,138.1312677148289,5fba13c5-fc73-4546-b659-34ff39561b44,2021-10-31,Chat,No
4ca325eb-7ed2-4e5d-84ea-d873b6962e81,Male,1,Yes,Yes,46,Yes,Fiber optic,47.097455394682875,6617.889755435551,e44ec462-693a-4f9b-ba77-4722ab8eb745,2023-06-03,53.44480733463044,3998036c-4d95-4366-a573-d31881ffe20a,2021-09-27,Email,No
80715a84-0f8b-4045-8ad7-adc05ee1ce82,Male,0,Yes,No,47,Yes,No,49.36118920331269,2483.687097164004,57de20a8-e27e-484d-b80a-d59602466b1a,2023-08-10,11.009521929235163,d53f26e4-128b-4e1f-813c-3d26cd68b6dc,2023-04-30,Chat,Yes
99a63202-cbfd-49e6-8a13-eec3c05bfd62,Female,0,Yes,No,46,No,Fiber optic,54.88972263919584,4563.38203620216,43076354-83a5-4b53-976d-88f5a316dc92,2023-07-13,140.77726420209828,87cff8dc-43b7-437e-be62-1b85f9394c66,2023-07-28,Chat,Yes
bdc2cac0-a243-451b-bc6d-96b8496c34dc,Female,1,No,Yes,40,Yes,Fiber optic,20.573580843600404,6877.079674958673,2843906f-fcfa-418d-8496-e7597750be7d,2022-08-04,190.92806005417813,96a4a70b-c950-4ed1-bfdd-94f641727a9b,2023-03-27,Chat,Yes
230e7768-0fcc-4807-b5b9-5d0984c8f290,Female,1,Yes,No,46,No,DSL,34.439341672752064,506.4356311877034,1afc5f9c-7c3f-4f15-8cac-1327d3008f46,2022-10-07,184.14892679601056,4c4689dd-ac12-4b18-adaa-60bcb14838cf,2022-06-30,Email,Yes
e009beba-045f-42d1-a4bb-12b59a5a56e3,Female,0,No,No,12,No,No,20.51251599401521,7572.908046615599,d1139c91-01bb-4348-9fed-9e0e2a8afb1d,2023-03-14,65.69810476210677,e13da449-a67b-4490-9376-317dae9a675e,2023-02-26,Email,No
cb847d9e-fe9d-40ac-af92-479ec14c5374,Male,0,No,Yes,19,No,DSL,96.58743894939262,7844.422925662029,b35e1d7e-8a45-44d8-a4a9-dd7733bc813e,2022-12-18,32.10930420948671,032db22c-75db-4d3c-a189-9fa18acee235,2022-10-20,Chat,Yes
00ef9848-1777-4357-9f21-acfabfbbd6f9,Male,0,No,No,21,No,No,82.45286994436275,7741.631541401335,1bb79d55-5b27-4cee-8cff-6dd264d011b2,2022-05-21,182.03926363797146,c8f23a65-8310-4dc8-a65b-f3d8f476f431,2023-04-19,Email,No
c6dec62e-278c-44ea-bdfd-4ea5f7f83679,Male,0,Yes,Yes,50,Yes,No,95.32411708971247,299.7254031554814,f1c3706e-3678-436b-95de-d0a9a49ce2e4,2023-08-04,110.03151115231294,72da5b8f-6d9d-4b4a-a69f-a50ab788eb0e,2022-12-13,Email,No
846de785-2a31-4200-8a50-88e715387a20,Female,0,No,No,61,Yes,DSL,74.19051244148615,1531.329940978911,9d81c57c-a5ef-4760-b297-a4c49c6b987e,2022-02-12,102.77183261407238,0f362fff-4bcb-4d4f-bfd4-7469fce84687,2023-01-02,Chat,No
7aeba272-f792-4cdc-9dd3-d8a1cc28d692,Male,1,No,Yes,26,No,No,86.58138387711116,1487.7320415323118,45ac810e-1876-4411-8dad-ed5ab8764b35,2021-11-14,115.68356331422183,3831e5c0-5a08-48b3-a6ac-3fc6449dae4e,2023-05-25,Email,Yes
893aebaa-66af-4445-aa38-a3d384ab7981,Male,1,No,Yes,8,Yes,Fiber optic,87.71546976613666,486.62794893199333,1006a706-e0d9-4a15-84af-a910bef5c369,2023-01-31,188.41470072946748,bf37455d-a84a-4977-9920-a4e70131a605,2023-08-18,Chat,Yes
08b0f29c-644f-4229-bb1a-9645f589e37a,Female,1,Yes,Yes,2,Yes,DSL,81.60183240705348,7739.1533203558665,d99e9692-c986-499b-9a94-0ae6994c16f2,2023-06-15,45.895101432212336,a8b68fd1-a021-4fff-be3c-27adbea70ca2,2022-08-09,Chat,Yes
9c7ea54f-1adb-4a26-9add-486d4eec6487,Female,1,No,No,18,Yes,No,31.737209788310523,3277.315068770635,8914edff-cccb-47f3-968d-38c0e955ea71,2023-07-27,113.49880457905773,a3c96c5f-89f2-4852-bb1a-f517570cb2e0,2022-11-02,Phone call,Yes
33ea4b1e-51d2-4901-b7a6-5eeab565dc36,Female,1,No,Yes,54,No,Fiber optic,91.24923217097458,1115.3814399872472,78f1f2bf-805b-42b8-9f4d-1a3885c88334,2022-08-30,71.00956272362343,0c23b906-0aef-483d-a07a-ed3c78de5764,2021-12-21,Email,Yes
033edcc7-4e8e-4346-9a86-27c3831e972e,Male,1,Yes,Yes,10,Yes,DSL,37.948326654569854,6419.575156296625,ad4c86b9-8acd-4b08-a473-70098fca0203,2021-11-06,116.63599344663761,de85733f-e63b-4f56-9a59-43a167075834,2023-08-11,Phone call,No
af6cfe9a-9eb6-4d6f-b998-aca4ce1a9240,Female,1,Yes,Yes,38,No,Fiber optic,80.0021325996879,3936.7228954868165,c36f611d-4627-405b-bacb-2377993e0979,2023-03-15,140.43682830560743,af5694d1-4792-4565-916e-1254620e3535,2022-09-14,Email,No
289ce638-6131-4f52-b508-05cdbf686f23,Male,0,No,No,44,No,DSL,65.9972491208538,3679.006431260791,61f80700-1505-4487-9fd6-17b55277b0fa,2022-02-22,120.05043280044531,a09525fc-bf36-4269-a6c4-f0c4fd8c04d0,2022-05-14,Chat,Yes
a759eba5-3b52-47d0-a64d-11ed5d4eb9ea,Female,1,Yes,Yes,58,Yes,DSL,22.929850856272964,7479.352710445528,d25b6a7c-3ec9-4e8d-a087-1c7da655e465,2022-10-20,43.75189327480377,9695f659-72b8-4186-8467-698be9c8cb55,2022-01-31,Email,Yes
70ddea49-cbf5-4fa5-b332-131a7340761d,Male,0,No,No,66,Yes,DSL,92.11085526376809,4728.449004884436,ba750060-e747-4e98-8983-ea93b9bf488b,2021-09-03,165.39747224203674,43ed32b0-c019-4901-84d8-f01022e35ef7,2023-05-28,Chat,Yes
a8f8ff71-9692-4642-850d-d2abd406e631,Male,0,Yes,No,7,Yes,No,75.4550989625487,6514.412251334681,928cbf18-476d-453e-99db-db000ed79576,2023-05-27,136.25981161531132,95079239-80d3-4ae5-aadb-bef8c8e7816b,2021-11-03,Email,No
b0825942-7e70-4b61-b2c5-94879ba23996,Male,1,Yes,Yes,32,Yes,DSL,25.505168865708008,4798.034139792565,5c8cf339-bab1-450c-abae-c14aee871f0a,2021-10-18,131.23534547258976,234b5e1a-2010-4353-9e44-2105f707b357,2022-11-22,Chat,Yes
a04b5971-f1a0-4d56-b77d-58d5e18d959f,Female,0,Yes,Yes,29,No,DSL,89.40743044006285,2977.875760569504,3ea2f6a3-c25d-4d7b-a6e3-ff1213346f60,2022-05-22,167.265256861808,27c93ec6-54fd-4851-8005-4c2309ff57ac,2022-12-28,Email,Yes
e74feaeb-3453-4766-9e77-b06f82c3d354,Female,0,Yes,Yes,16,Yes,DSL,80.15057611354017,6689.027158404297,85682161-bfaa-4807-9f92-5bfddb788d00,2022-06-14,29.412744023770355,acb2395c-cd32-4d35-87cf-4659920bd995,2023-04-03,Phone call,Yes
39504a5b-6556-4084-9490-bcd182cf3aab,Female,0,No,No,19,No,DSL,21.70587136895965,6859.793761832082,15b2050d-fc23-49a1-b88a-e164860c7dda,2022-01-18,155.76054313653316,37b1951f-e920-47b0-a13e-212d1c712ba2,2022-03-23,Email,Yes
bc6d74e8-86cd-4b36-bd9a-fab059301ed5,Female,0,No,Yes,12,No,Fiber optic,43.652549686314714,1716.332894468436,798dc836-04a7-47a7-878f-436728bce001,2022-07-16,83.28698686665899,6d6cc7ac-4d14-455f-8941-d25ac61bf0a1,2022-08-27,Phone call,Yes
039cb2e7-b217-4333-a71f-d82993ad4f73,Male,1,Yes,Yes,24,No,No,64.5723095558746,1409.4235335810636,1094fad5-3285-4af1-a25f-df67c4f70716,2022-04-25,32.72708944393903,fe725d31-be6a-4301-b62c-2f1066b6c1bd,2022-11-01,Email,No
f6f6cdc1-9e22-4882-a770-14fbe4cab563,Female,1,Yes,Yes,26,Yes,Fiber optic,98.48441704175643,1686.647354152721,75d12131-214a-4b44-bc1a-323c244583e2,2021-09-11,69.49508974276638,2612e1d3-21fb-460a-8926-2140a0c00cfa,2023-01-02,Chat,No
1c36ff8d-138b-4211-87f1-97a183e0fc75,Female,1,No,Yes,14,Yes,Fiber optic,23.67167232714997,2308.0750453217515,ee4230d8-a4ba-4b11-938b-3308c160c043,2022-09-20,20.929243536810226,ae25d4de-3df8-4a26-a3ff-ae697882c53e,2022-05-04,Chat,No
8f623028-fa49-48d9-b8c5-038adfc78e57,Female,0,No,No,31,Yes,DSL,32.15899452174048,4903.1107137889485,4651b71e-8cce-47fc-a908-01c98b674f3d,2022-05-05,144.83145807514538,18ad4dab-4204-46c7-8e97-7ffa8bcd8b96,2023-08-16,Email,No
6ed6c6fd-76c0-4507-9210-41e575f4e4a6,Male,0,Yes,No,67,Yes,Fiber optic,63.3387721418712,6370.3071634929665,ee61b59f-1964-46c0-8213-d1738fa2b2f9,2021-12-03,163.07425524338709,91936e3c-00c4-4ff2-aa51-dc05ab76a26f,2021-11-22,Phone call,No
e75cc148-a5bc-4f0a-9b0c-ca6dd2c180a0,Male,1,Yes,Yes,46,No,Fiber optic,57.177779141173616,2343.2770861959198,1e064525-ddf9-401c-85e7-52c3579fe0f6,2023-05-23,118.71023091370022,f34a8fdc-b8ad-4987-840d-6e8b2e86aeec,2021-09-09,Email,Yes
3e7322db-c550-4272-99cf-3577f2cf65c8,Female,1,No,No,26,No,DSL,79.3982645868522,330.86796607543704,730c18a8-e400-4ecd-a643-cdc2e6b6916b,2022-06-17,88.08584892430882,6d805140-a3d4-4765-932d-5a1666542ddb,2023-06-21,Phone call,Yes
47561694-f55e-4ff0-b451-5dc097725f6b,Male,1,No,Yes,54,Yes,Fiber optic,80.53588432556367,1896.9712212719562,8a3214c0-02a3-4107-a3f4-f7a09ddf842e,2022-11-16,169.4292238948693,d2e9613f-1ed9-4816-ba2e-6a4670e5bea7,2021-10-16,Phone call,Yes
b711b152-f150-465b-91bb-da5b0391b206,Male,0,Yes,No,34,Yes,DSL,35.965093118760336,409.2565726025606,a08c5c2c-b927-42a5-969e-99f3a2ab0a3a,2022-03-06,153.48382307694263,c7ee5ec4-e29a-4010-b64a-3c6210c947b4,2021-10-04,Email,Yes
758190d6-e0e9-49aa-92a6-811a77c87907,Male,0,No,No,70,Yes,Fiber optic,54.29318348191303,5057.475787199454,ca45c04e-2d48-4955-87ec-659fc101f6fc,2022-06-20,19.18049976260552,675a6b46-b7f3-4a20-a039-a0c234a1e0ae,2021-11-03,Phone call,Yes
582af909-0143-40dc-9e6e-670e89ece6de,Male,1,No,Yes,36,No,DSL,80.73562325193329,3060.161249179053,4aeeb50d-42db-4b2f-9a3d-0cf871710fb6,2022-07-06,106.98371722905107,c9dbae18-7c3b-4069-b228-df86bedbf0c3,2022-01-18,Phone call,No
900f79b0-60e7-4ab1-9430-c5e205de0e4b,Female,1,Yes,Yes,22,No,DSL,72.74054499379861,3613.5875206842948,d795e264-3632-4940-9aac-94f419aeb415,2021-11-06,44.32353950912275,0682dd9c-e2c1-41ca-af6f-648f2bc698fb,2023-04-04,Email,No
f908ad57-ca0f-47a1-93f4-0208bdc3928c,Male,1,No,Yes,23,No,DSL,29.488343153536462,6783.495665582486,72f210f5-310a-4cb6-be0f-6362482b3ef4,2022-05-24,86.03669573972803,9952797a-9f7c-44b1-b0d2-b700aabcf021,2022-04-16,Email,Yes
bd67f597-2985-427b-b1b6-1dce09b84b2a,Female,1,No,Yes,14,Yes,DSL,71.83329937345042,3666.5582825621077,5c0e0f0e-3722-4dbb-a8e9-cad5e4d97e0c,2022-04-24,100.56951220931893,37d95b85-82ed-4d46-ba01-361661660c64,2021-10-16,Email,No
e09b91a2-c975-4569-bec9-b565807a2802,Male,1,No,Yes,13,Yes,DSL,40.78195791029302,158.67693719371286,223f899d-466f-4aaf-a821-0250f4cd7567,2023-01-03,40.61799190463153,022119db-1cfc-4552-9a3e-b2f2518f9d61,2023-02-28,Phone call,Yes
6d177f84-6b70-47c7-bb03-ff08288ade12,Female,0,No,No,21,No,DSL,38.34462752378211,5897.138769827793,ce2c0d34-2fbb-48a6-b1d3-96820d644d86,2022-09-20,34.62929458998535,961e3fba-c268-4470-ab37-28d5a5d1a996,2022-08-19,Chat,Yes
ca6631f2-8579-42f5-8fc0-683e322c20ab,Female,0,Yes,No,8,Yes,Fiber optic,38.369966322251756,7043.36093309157,51f044e4-1276-47de-9292-5be9f73330e9,2022-11-11,195.76595157175046,ad92cd1c-f50d-46a7-afc7-fa1c8b197939,2023-05-06,Phone call,Yes
230fbd19-ed97-44da-add0-ca991feecc9c,Female,1,Yes,No,61,No,DSL,47.80580285963242,5732.108326630914,cd2babcb-6e04-4a97-ab33-756723dfba64,2022-11-05,52.057790405356926,26e95b5b-6f9c-41b2-864b-9bd2ee84159c,2021-09-14,Email,Yes
60eab659-adb0-466a-a1f1-4b65715abea9,Female,1,Yes,Yes,11,Yes,DSL,72.74974121844991,2944.4719324021544,a5a4bd9a-a413-49b0-819c-4eec1a1351f2,2023-02-24,22.466144005873815,b3fd5242-01a0-4c68-bf0a-64945c00a647,2022-07-02,Phone call,No
1bca999d-9684-473f-a3bd-1a4a7d2a9ac8,Female,0,Yes,No,20,Yes,No,34.8704601558656,7950.211682293182,0fa86353-400d-4e6d-aea3-e5e2caeaa415,2021-12-21,97.25081475721176,6596391e-e556-4f77-8dde-63548fb00ee5,2023-04-16,Phone call,No
65c2aaaa-2598-442f-a184-fb3932293192,Male,1,No,Yes,33,Yes,No,28.11932983284864,5438.306324714231,0888e1ce-75e3-47cc-ab22-2a9b183b890c,2022-06-15,48.42093684729177,28b52647-29bd-4757-b3ed-0d1a5422a192,2022-01-31,Chat,Yes
847574af-c946-41d1-a95e-466c873f81f8,Male,0,Yes,No,70,No,DSL,71.89939697993667,5849.542998237289,bc1ef1b6-079f-4fc0-bed8-c381192da078,2023-07-01,50.26843539486059,22f619e5-b828-403f-b5ec-3dba9b339780,2021-12-21,Chat,Yes
2793c1ee-e75c-4c24-b787-218cb643f105,Male,1,Yes,Yes,15,Yes,No,36.70736226479811,5983.63753104617,965149e2-5990-449e-9899-1c8f161c3a5e,2023-06-29,173.24301144799443,28aa8091-fb54-4402-a6ac-ac089925f011,2022-06-21,Phone call,Yes
d1158128-8586-48cb-bb07-e6b730971485,Female,0,No,No,63,No,No,84.88772986608461,5987.189589825568,a7c02158-c740-4b0c-bb72-9cda7c21b782,2023-02-01,100.4622373663307,9d611bea-e19b-4d82-9fb3-ebfcf44b5367,2023-02-04,Phone call,Yes
3c096d68-a234-4ab0-b760-6d6c6b03fe09,Male,1,Yes,No,25,Yes,DSL,54.955921862353385,1631.922185094009,c02e9ad1-73e6-42c4-b84e-5748929c91f4,2023-03-04,48.167070510435096,b56b23b4-e394-4975-a659-f92f623ab804,2022-12-06,Email,No
8dd3a32d-71ed-4d34-b5fb-5be67b5d8383,Female,1,No,No,33,Yes,No,67.82986114296776,7669.322026267676,5204ae9b-e8c9-44f5-9eb1-cd74026f7af4,2022-09-21,121.46768086802481,16517f15-dd86-4c15-ac52-c2f1a7c80840,2022-07-14,Chat,Yes
cc892ad8-6e1e-4753-9ed1-2d69709d04cf,Male,0,No,No,37,Yes,No,78.76829326257402,173.88673134477807,b94682b9-a0e9-4e02-b00a-ce3a51d6b178,2023-04-30,13.45971336618874,5aa03a5a-3a88-4483-bb45-8d4baf0b1790,2022-02-02,Chat,Yes
079a10c6-cb1b-4ac3-baeb-86057bdf3bef,Male,0,No,No,2,Yes,Fiber optic,26.8585518335209,6470.728052073376,eff076b0-1ac6-4ea6-ad49-991f7cec65fe,2021-11-24,18.623425540805997,4db3d287-de02-4682-80c7-bf457788d612,2022-08-19,Phone call,No
342e705f-3a4c-445e-8531-a89c33298f7f,Male,1,Yes,Yes,53,No,DSL,83.15428591685703,3379.5744604148267,2be5022e-dae0-4f6f-a79f-86396b86b816,2022-10-05,59.07894188642422,8adfe784-f172-45ed-bd30-712e0725ab1c,2023-06-23,Chat,Yes
f1a94c5a-68fa-4c4d-a26c-80478f44e220,Male,0,Yes,Yes,68,Yes,No,59.411184593852894,613.8786790505942,c30bc60b-3af7-42b6-9969-d2d710980dad,2023-08-11,135.10363671942014,abb7dda2-4540-4551-bcda-06aaa2ed325e,2023-01-29,Chat,No
6ed9238d-c714-47ea-bdc2-9ef746ea95d9,Female,0,No,No,47,No,No,81.88293284097473,1817.3322772292304,c59d2d80-3635-4fb5-9e27-e2499964304e,2023-08-13,92.93764954106996,fd4c2592-2fbb-4f2d-b295-7b81e936dfe0,2023-04-20,Email,No
277bbd74-3c54-4ad7-9c12-db577e712770,Female,0,No,Yes,65,No,Fiber optic,41.89885280758922,5593.371884200146,a0606665-6db5-4d05-a6cb-867f7e40357e,2022-10-01,149.098645638646,c2333026-0e86-4ee6-800d-ee27610e1b1d,2022-07-12,Chat,No
10b15aaf-498c-4928-a911-1a14ee709537,Female,0,No,Yes,47,Yes,DSL,46.04219091124443,3094.0114749435106,759e557a-5b71-437c-9443-30bd2c8fad51,2023-06-13,58.50426461966342,18fbb166-632d-40d1-b084-55ac54ffce33,2022-02-03,Email,No
bb726338-df4d-4ba7-bdda-fbae4280cff6,Male,0,Yes,No,33,Yes,DSL,90.293176834248,7830.138066691432,c75f5c78-003c-4e4f-96fa-c75c6282e4f1,2021-09-27,135.77782430186375,f79f9c2f-f9c6-4a3a-9a44-92fb936cb145,2022-06-27,Phone call,No
307dbc5f-e7bd-4ac4-a005-ed5f00b09883,Female,1,Yes,Yes,62,No,No,61.60001005514242,4231.984427660299,92abb6ae-1cf5-4dec-ab4a-bf6fa3213741,2023-03-09,190.57339591408518,10548c2b-31e4-4bc9-9731-b65f01c5e8ea,2021-12-27,Email,No
99c8c889-413b-4e05-bc19-794e6139b8dc,Female,1,Yes,Yes,31,Yes,DSL,54.19001987824771,7533.020858073973,b0723448-ac50-4a1f-8d85-4e1be29f8016,2021-12-23,164.6885422225854,0e4cae18-1975-42d9-9689-c36e44125f0b,2021-09-23,Phone call,Yes
b0804e54-ca71-4771-a268-20648d7d0aea,Male,1,No,Yes,40,Yes,DSL,35.19145543901752,5448.165680539567,bc627c1d-e2c6-4778-99c2-ba313c925a07,2022-01-21,48.282550082070344,491468b4-c6f6-4f26-bab0-41551f95e817,2022-11-30,Chat,No
33839b79-81bf-41aa-a999-dafb1527de74,Male,0,Yes,No,1,No,DSL,75.71577799116938,112.9439140356301,b20963e9-3e25-4d0f-8322-2bf86c5afc91,2022-07-26,126.83017853628415,cd9acf0e-c3f9-4025-a919-2228283068cb,2022-06-16,Chat,Yes
84259561-cb46-4ab4-9adb-d1894287b24b,Male,0,No,Yes,14,Yes,No,40.332180934045205,1555.145464174332,8d2cbfc1-e53c-4b7e-956e-8b2a4b7a0e5c,2021-09-20,66.14148971388589,7b1e1567-f6eb-4e1a-9fd1-3c46928aaa02,2023-03-03,Chat,Yes
575173d4-4337-43bd-8d6e-80cf47b58d2d,Male,1,No,Yes,24,Yes,DSL,61.29731370218107,1730.5636002772537,d2db2dcb-b88d-43af-9672-8c31c7f5bf80,2022-12-19,195.64495787549976,b3f3437e-987f-4045-ad8b-52ecd484788b,2023-04-30,Phone call,No
52c1b4e0-ca8c-4394-9617-2b9ddfc23084,Male,1,No,Yes,42,Yes,No,29.42187303362254,214.94595172850876,c8480fe4-d5c5-41a8-99cc-be14603b02a4,2022-01-07,133.73003804597187,3f00dcd2-66b0-4ed7-be96-bb1e91d714ef,2021-09-30,Chat,Yes
e2f2ba44-72e6-41e3-98aa-595d8b7c545a,Female,1,No,Yes,13,No,No,71.49899578896553,1361.2667726136615,d322adbe-0516-4834-81b0-91176de6ecad,2023-07-21,34.93564951410031,3540e923-1f6e-4dcb-aca6-e81ba87213b7,2022-04-25,Phone call,No
b48aadda-ec1b-49ac-914c-a7db143e2949,Male,0,Yes,No,72,Yes,DSL,68.97420706548947,3809.1749186383154,bf48cb75-23d2-458a-9fd3-0cf429ca9184,2023-04-27,134.83979849994358,4af6228a-6ca4-4287-91d8-ce5155d0ab19,2022-04-21,Phone call,No
aedcb321-a663-499a-923d-e4caf9370e26,Male,0,No,No,7,Yes,Fiber optic,31.74659403107941,1984.491370965133,1cd525f9-48b2-4eb0-9505-cee2516458a9,2022-04-25,135.97999381386484,a7805a11-df6b-4f68-9df4-a5657adb00f1,2023-06-05,Phone call,No
ab635013-44e6-4354-a4ba-3bdfba4a18d3,Female,0,Yes,Yes,47,Yes,DSL,39.17055870331126,684.6966997033144,88f9910c-c2ba-4f8e-a3e4-711e589eeee3,2022-11-16,150.69782555624047,7cadfdf0-1b3b-4ed7-a8bd-56288346505b,2022-01-15,Phone call,Yes
a75b77df-0e9f-460f-aa6f-aaa78864df3e,Female,1,No,Yes,2,No,DSL,85.54185076021592,2801.5374583710827,adcc8d9a-ff92-4a65-8568-473583b73024,2021-11-22,45.86409876149118,d5bc647f-e012-4264-812f-f6fe65f79baa,2023-07-29,Email,Yes
b3a09df9-b9d4-40b9-9b3a-a59a565e8d8f,Male,0,Yes,No,59,Yes,No,28.598676640709346,4244.774074641331,484622c3-75e8-498c-a048-7d17404e4ced,2022-01-29,45.316879312303534,50bedd5c-8b51-40c8-a8e0-75d4e8a47268,2022-11-21,Email,Yes
906eaf88-26db-494b-9c59-2cf536ffe9af,Male,1,No,No,62,No,DSL,90.20341040391067,3040.625377179727,1ac70287-713e-42f6-bcc0-287df9883a9b,2021-10-15,75.86695281655443,a7741b5f-7925-4580-8caa-a2fc15828116,2022-12-08,Chat,No
f4862ecc-2825-42da-81f9-c43b707557a3,Female,1,No,Yes,27,Yes,Fiber optic,81.5561698411257,2881.3565180101837,a96a10a1-a443-421e-b4f2-ff826c67c4a0,2023-06-07,98.66803129868153,5022b28c-d151-4339-b193-ef7fb47c3576,2022-11-07,Chat,Yes
7c831912-67d1-4e8f-b7e0-19d1eb2dfacb,Female,1,No,Yes,65,No,DSL,40.505489417342886,648.9368681831635,f80cca5f-1c6e-4a46-ae74-3816fe9b922d,2022-10-23,30.016500726159137,886be2b0-1c20-4940-8e46-0ca9e76b8b99,2022-05-22,Phone call,Yes
7c8d6cfb-190d-4eb0-aafe-f80dd8b47037,Male,1,No,Yes,18,Yes,DSL,25.564355960491767,3977.143126327858,a3be98b1-eba5-4eec-80f7-2788bf4edda0,2021-09-29,80.95145817283674,fc8f1dff-e780-40ff-9894-15c8f419815f,2021-11-10,Chat,Yes
cbeed1aa-2033-4e31-97c4-136ebc5635a2,Female,1,No,Yes,24,No,No,68.66903560489799,4095.6156968315104,bf505d4d-6b17-4b00-9d20-18aa84b96aef,2023-03-27,122.80119843927069,2c56cbee-71ad-4396-8ff4-d69c4ddfd7da,2022-06-23,Chat,No
87cf5330-4569-40d5-beec-dc93abe4a9a7,Male,1,Yes,No,13,No,No,73.68549572067366,5055.910169708323,455196a4-d67b-4a73-9a69-5ad112f913b7,2022-11-18,145.18945164841563,16fe9942-4a4a-481a-8922-8ae07e8ad123,2022-12-27,Chat,No
beb04d8a-fdef-45dd-93ef-0498a37a2ead,Female,0,Yes,No,17,No,Fiber optic,53.32703281841081,298.89000939415394,5a7d5777-1790-462c-9fb0-a8a2f6586421,2022-11-15,47.19436733071936,9112e007-cc91-4268-9b0a-e34b4509ab10,2023-04-16,Email,No
80aa99b1-263d-420a-a8eb-6f5926f4cc9f,Male,0,Yes,Yes,22,No,No,82.5534689166425,2416.2829335713964,b11ec90c-392a-421d-9371-046f94bd0990,2022-10-13,94.7105052457036,d0a3925a-d8af-4a7b-9925-126d8bd43685,2022-05-11,Chat,Yes
e5c1a75a-fc88-44f7-9a57-9ee87a694659,Female,1,Yes,Yes,20,No,DSL,71.07757835829446,7833.838246146391,d6edfeb5-da42-4cf8-a828-edc636789a21,2022-01-24,66.11835056759367,afa5bfc4-c382-41b9-989f-4327fcd2b841,2022-06-16,Email,Yes
5841b887-533c-4d7d-a6dd-619c0ed25d48,Female,1,Yes,Yes,19,Yes,No,49.93503445429643,7605.584173363762,84b68d0e-2a89-4c76-9e3a-a6998ace7030,2023-05-08,106.16110220227809,95bbd52f-097f-4e7a-860d-9885a1cbff8e,2022-08-22,Phone call,Yes
3c973906-e955-484a-a9d7-a422d0d5d8ed,Male,1,No,Yes,43,Yes,Fiber optic,77.56744969294616,315.6239956737561,c4491ac1-6303-40a6-a3e9-3836730b337d,2023-07-20,168.68908138973194,b14529f4-f30b-4b10-ae57-2942f23df6bc,2021-10-07,Chat,No
986a47e9-fc0b-475b-a1e9-7b8ec70c3268,Male,1,Yes,No,47,Yes,Fiber optic,53.787337281651375,1868.5948764492623,3836122d-a30f-4806-a329-568b848c1545,2022-12-22,124.66868386176263,316e1c41-462f-4bd2-bbe6-14f9a50ef645,2023-05-20,Phone call,Yes
54f4bbfe-5150-4fd3-9011-2abaff8de2d9,Female,1,Yes,No,14,Yes,DSL,30.19675818752905,6426.194056776988,ca56a983-2fd8-46c8-a4e7-89316ceddfaa,2022-01-17,175.48978780572855,7324b539-1404-4203-8cc9-77bc70999faf,2022-08-05,Chat,No
0f020f5e-d811-4641-80f3-67a66965e33c,Male,1,No,Yes,23,No,Fiber optic,92.49192438507491,1107.3803408564397,0fd17c1b-ddcc-4184-9086-919b1dab626a,2022-05-10,109.03219172867378,685dfdaf-f45d-4783-af36-7819b7603d86,2022-03-26,Phone call,Yes
e1f68e48-5fb7-4b15-9cd9-95e8daaa0efa,Female,1,No,No,37,No,Fiber optic,21.655507049315634,7963.713065582443,1381c92d-b685-4fc6-8992-05e8e8d2a698,2023-01-21,36.363645151395716,1a70b70e-bbde-4eeb-af04-bd63e74a5382,2021-11-02,Email,Yes
d899ab39-96b5-4212-b698-07811575d382,Female,1,Yes,Yes,67,No,Fiber optic,66.37518837826484,619.7414070995532,22d06318-6b07-4731-ba7b-9eaf5d2878f4,2022-07-10,32.191932798058815,d6aeb5f2-ef57-4a77-823a-cc3aa92154bb,2023-03-29,Email,No
30fcf15f-0802-4257-9ab5-e444cbfe1e1f,Female,1,No,Yes,3,No,No,50.41039746437881,1389.428066671237,34909a85-a50d-493a-aaf9-5e598ebc1e08,2022-03-28,66.61569392361685,887b7202-8c22-4d9f-920a-d6f6bcefa213,2023-05-09,Phone call,No
2c739c56-abeb-4a86-8a83-495e5e55f9a7,Female,1,No,Yes,7,Yes,No,60.969960412104705,941.1627993037819,65c3904f-84a3-4a83-87c9-17531b538ec6,2022-12-08,130.57083546196355,64c0e4d9-4501-49cc-84bb-620fcb55f64c,2022-09-24,Email,No
acfea439-ad8d-4382-b32f-de856841404f,Male,0,No,No,31,Yes,Fiber optic,87.84077991488505,4659.453595371491,e39e8589-3b24-49b9-b2de-6ca0ef53f18c,2023-04-18,162.96813560828994,7983fd3f-096b-4de0-824c-e6b8726cee0e,2022-12-04,Phone call,No
821077fd-c81c-43cf-b86c-4a4096276197,Male,1,Yes,No,65,No,DSL,73.90509725877794,3176.0964889291276,999e0635-2078-42ba-8532-9641fe7dab1a,2022-01-12,177.93778257581562,e1f7139e-6a70-4c71-9020-ff635b188fb6,2023-04-29,Phone call,Yes
8ccf114d-8403-4ac6-8fc3-bc7de42bc108,Male,0,Yes,Yes,18,Yes,DSL,52.60208171024538,1971.175748734784,e75fbac4-a8e2-4a50-890e-e8e456f5a9f7,2023-08-14,199.78736963224515,2b5d9091-739c-43e3-88a1-48fd4a0d81ae,2021-10-13,Email,No
d8f11c6f-51ae-4d8c-ac47-c9b94033da3f,Female,1,No,No,69,No,Fiber optic,92.94641372069472,7077.044387502031,64dfd0ee-a3d0-49d3-83a5-09b26994b3d3,2022-09-22,118.47962975094016,d45b3081-8696-42f0-ae19-aed42efd2bf5,2021-12-21,Email,No
04e75cbf-5bc6-420f-ba96-97d060225404,Male,1,Yes,No,29,Yes,No,88.27422240022406,661.966513005887,b0299726-7bb3-4da3-a99d-440774d54f3d,2022-05-30,60.45073063450423,b11918a0-0fa2-40d3-ae49-832e34ab4341,2023-02-19,Chat,Yes
6523705d-9f0c-4132-9a9e-a5226efb89e6,Male,0,Yes,Yes,26,Yes,No,87.9911691936073,1487.037978544165,c5a8b4db-477d-4b26-bba9-43549b158814,2022-10-09,151.25536975427525,33059ac3-93ef-4580-8d06-a48626ad663e,2023-07-10,Chat,No
e9819768-1874-4e9f-b1c8-a1ed6db1d812,Male,1,Yes,No,19,No,No,84.84852938345446,7835.749948496972,7be7ec3c-d09d-493e-b5ee-a42b36061f39,2023-03-08,59.86955997310055,17968b53-7495-4360-879c-78561a42b818,2023-03-17,Phone call,Yes
68103028-b262-4aab-ac28-bd6143dcae5a,Female,1,No,No,42,Yes,DSL,83.18889730817493,4190.901122719435,cc3c11cd-4284-4f20-a009-49b4239d77f5,2021-09-30,131.73153931621636,ef552fee-a44f-41d5-abda-6622966455e7,2021-09-16,Phone call,No
6fe2fe40-f52f-4436-a1af-260589702426,Female,1,No,No,1,Yes,No,56.35534028031577,664.3342314028362,f95d9aef-108f-4ee0-8ce5-2e2089025508,2022-07-23,49.849904086805296,934119d8-b162-46b9-b402-9b64ed823cd6,2022-07-12,Phone call,No
cd8c481a-b8b0-4d63-9719-20106b922c38,Male,0,No,No,14,No,No,24.185312268583594,4843.027119122551,0401852a-6ede-45ee-be1d-91dae126e28d,2022-02-11,60.33094246474319,9fa20db5-9dec-4d27-9699-1b504e20ce78,2022-06-13,Email,Yes
781fc8b0-27d3-48b0-aaf4-55a16e73f453,Male,1,Yes,Yes,32,Yes,DSL,24.002423100745993,3199.9079203252213,fb4e3ff4-2cb4-4e06-83cf-f123f1350e1e,2022-01-08,134.7318103137962,0a1378ac-4b12-4d30-98f7-ffc16dd61abd,2023-01-27,Chat,No
4eff4351-a7e9-4503-b3f5-925630f69dd9,Female,1,No,Yes,57,No,DSL,66.36656733917201,1112.317352191668,467f2171-a519-4b91-88a2-347fb7dc3fbf,2022-06-03,118.02702823397507,5f7f3a79-2807-4c74-b29a-5246867ea12d,2023-02-17,Email,Yes
7e4b1b4d-c35c-40a0-9719-c1b3c3ba2302,Female,1,Yes,Yes,71,No,DSL,83.97613225115379,304.37991150331834,9f838de0-fc6d-4514-8bed-0da7c107bd8b,2022-04-07,139.92515678290417,fa3d4b60-5a1e-421a-92d7-d0ed2d9fa946,2022-08-26,Phone call,Yes
ba1eb773-97f4-4f44-ab62-24a0454e410c,Female,1,No,Yes,10,Yes,Fiber optic,35.8898552906155,4917.198598015984,a00091d0-bb64-4ce6-b416-5a3168c58c5a,2022-03-14,121.41919191849718,790d2c63-09fa-40cf-be6d-d4da92384c74,2022-12-27,Chat,No
f64403cb-3640-49fd-b488-d624fd6e6c14,Female,1,No,No,72,No,DSL,79.27205384028696,3517.6160686032285,e56214bf-7cdd-440d-8beb-1d30798483a1,2022-05-09,24.75234778539079,34e2506a-d821-43b3-8b09-20bc9d4d9d0f,2022-07-30,Email,Yes
49573867-f562-4a87-96a1-4c2a5af15a4b,Male,0,No,Yes,25,Yes,No,85.06137361613307,4183.623073311091,5e62833a-0839-4cd2-bd6a-3da779698b07,2021-12-08,164.43620606186428,36613bdb-83b0-4f2e-8a31-2ec3bac37cbf,2022-06-08,Chat,Yes
44ffb84d-dd7d-4aa2-aec8-61b3f8eea897,Female,0,Yes,Yes,48,Yes,Fiber optic,49.62321164262144,5427.143026777156,f7106fca-45d3-4418-8aac-1918ef4a85f9,2022-04-24,60.17225663655689,ff344718-192e-49ce-9291-ff4c8225ba26,2023-04-15,Email,No
77d20a31-b07c-4a07-8400-0f43a5ff0256,Male,1,No,No,69,No,Fiber optic,61.2784701540769,7048.536941275077,fa9e565d-0d86-4e58-816e-c380e8ae08f8,2022-01-19,103.72188686187883,94801ed9-f6dc-4663-b588-7361760e2551,2022-05-29,Chat,Yes
72f7d325-8939-422a-91ab-7a5ade7af6f9,Female,0,Yes,Yes,63,No,DSL,29.404486464791937,5985.153936949805,e02a326c-5417-43f8-b55b-f404c4c4fc56,2023-04-21,25.214633877892613,8c8c36cf-a752-4c42-9d28-57daee4d3455,2021-09-17,Chat,Yes
5b800a9d-5852-41ed-afda-447e80812d88,Female,1,No,No,47,Yes,DSL,88.71140961209326,1680.4345870490838,af14b656-e77c-454f-8462-d4c749c88d12,2021-11-21,88.73278931070702,7189324c-dace-4c2d-9b6c-c1381a9044a7,2022-02-27,Chat,Yes
a3f322d9-6784-40ea-9e57-c6653990d908,Female,1,Yes,Yes,2,No,DSL,81.69756457656342,109.5176643552062,7ec5773d-8397-4c8c-859a-0561ee7e0d44,2023-04-14,90.12592443874043,a5d19bcc-78ea-4cb8-a76e-50c1d819bec7,2023-05-05,Chat,No
f6c08db6-4e91-43fa-8b41-dc03c1bbf1aa,Male,0,Yes,Yes,24,No,DSL,60.28497770578945,6073.884639952418,e486c85b-7778-4fdf-ad7f-ecc8bcde349c,2022-09-07,49.605352262570214,22107757-297a-47d6-8e52-dd40ff17ddeb,2022-03-23,Email,Yes
a0c14870-82ab-4dc8-af15-5710fbdf84fe,Male,0,Yes,No,43,Yes,Fiber optic,46.05413495948763,447.0912628818255,9ef0e00b-81a0-4e3e-9716-e016b232a040,2023-03-07,80.39863976219887,863f61ff-8c7c-4e09-b48a-c83b37df30dd,2023-03-05,Chat,No
8fabbe03-1830-4b67-9e1c-129d714d1680,Male,1,Yes,No,54,Yes,DSL,55.73026059901399,4176.4808040316275,b8e91008-e204-485c-b96b-69e322dae060,2022-07-16,19.3177701485817,97f78fd3-7935-43db-9434-52d8d4bdce9a,2022-10-08,Phone call,Yes
036d5535-6429-4258-982c-71c954481d8c,Male,0,No,No,37,Yes,Fiber optic,23.899465808458693,6484.736322197024,78fb5ff8-008c-45ac-9817-774d48c93e67,2022-12-01,111.79299023372447,5ec40a98-8f2e-4d80-9982-355faea26dd4,2022-02-09,Chat,No
5b939586-e574-457f-812e-28f0a4e749b9,Male,0,No,No,27,Yes,DSL,53.49949181799114,333.00126654575035,77300b54-4d87-4204-a657-eb8262f0ae26,2022-03-05,90.08206558194041,43ce3f2b-8f0e-452c-991b-6e348869b035,2022-10-11,Chat,Yes
155d07f0-f46b-4a6f-8c0d-fdc6d35b6fb6,Female,0,No,No,49,Yes,Fiber optic,85.38895231311855,7395.677034569539,ecc50852-191e-41a0-bd3a-0ae73aeae236,2022-07-28,174.35694029981263,9d7c3a74-eb37-4522-a30e-2622f6203929,2022-04-23,Chat,Yes
57bd4c75-e850-4d1e-a4de-f8793050b08f,Male,1,Yes,Yes,16,Yes,DSL,75.02368018230541,2480.224262243899,9c47a7b7-243f-4cb8-b800-76065f80e6f4,2022-12-18,195.10628293204408,432b8203-79e3-4c10-b326-a9cc9815d292,2022-11-29,Phone call,Yes
7f1fed15-cdbb-4cf8-8593-84c7649d22f6,Female,0,No,Yes,60,No,DSL,96.55541012661918,6489.861513150341,cb264988-cf5f-4eb2-8d95-77b8c3d1ea7f,2022-05-04,64.62566347139622,523ee3c9-3e07-4c62-8388-23246916d3e5,2022-10-10,Chat,Yes
d38a1787-cc07-41fa-a67b-dd79f1ce5324,Female,0,Yes,No,43,Yes,DSL,30.844262516633147,6783.595219566819,1936fb02-6930-4546-af09-fdc82ac76cac,2023-06-25,92.63264904881645,7fccd083-6ba3-4e3f-afce-a6ff7e734db6,2023-06-13,Chat,No
a8f8196c-9adb-4df9-868b-bda5fa54778c,Female,1,No,No,7,No,DSL,39.50822897171407,5338.039449022658,9b93899d-02cc-443a-a1b4-0d562c1c72a7,2023-03-01,119.28938453025295,9b4359fb-10bf-45eb-8ce9-c86284dd157a,2023-08-04,Email,No
6dbeb937-6aba-4d4e-be7b-69fabbc69a20,Male,1,Yes,Yes,4,No,Fiber optic,95.12398629869202,4347.971648864755,9a3614e5-a0e5-41e5-b5a4-da86389e1aab,2023-03-20,187.4166862460856,75dfceb3-ec7c-49e7-95bd-a1ffc5f21bbb,2023-04-11,Email,Yes
1bae8418-866a-4009-a428-a86535925e09,Male,1,No,No,62,No,No,24.70837902366741,7246.238509867609,65b914e7-6bda-419a-81b3-eb4c185ebb3a,2023-04-10,82.32007534719544,5b5ca07c-1aba-44fa-915d-44c297c88d58,2023-08-21,Chat,No
efa9a337-9d62-40b2-936f-70836f74401a,Female,0,Yes,Yes,53,No,No,48.312557502058404,5328.724647990571,347b7cb1-cccd-4383-aa1a-2149782de5a0,2022-06-23,47.458954560777116,1af798cc-8a8e-444e-8812-adb6adda2411,2023-02-09,Chat,Yes
b678f6e5-1857-4b80-bfe2-c8a2ee67b556,Male,1,Yes,No,40,Yes,DSL,45.40103157751459,7945.275671618591,3a684349-bc94-42cc-9782-adc5eeaa5afb,2021-08-22,124.80443046576447,602f3864-47f4-4840-8b33-e4f2cf3a92a1,2022-02-09,Phone call,Yes
4aa6e0f2-2ba8-4bb5-b881-757b600c9e86,Male,0,No,Yes,11,No,DSL,80.80469987141632,1844.1425245169216,fbe37cc5-36fd-4bf4-9c58-8943ec241d97,2023-05-21,36.94734036000141,31075b03-7bdb-4f3a-ab3f-f096d3a27221,2022-06-17,Email,No
